Key (原文),使用情境,en,en-GB,zh-Hant,zh-Hans,ja,ko,de,fr,es,it,nl,pt-PT,el,hr,id,ms,th,vi
%@ %@,A label that combines the value and label of a DiveLog stat.,%1$@ %2$@,%1$@ %2$@,%1$@ %2$@,%1$@ %2$@,%1$@ %2$@,%1$@ %2$@,%1$@ %2$@,%1$@ %2$@,%1$@ %2$@,%1$@ %2$@,%1$@ %2$@,%1$@ %2$@,%1$@ %2$@,%1$@ %2$@,%1$@ %2$@,%1$@ %2$@,%1$@ %2$@,%1$@ %2$@
"%@, %@",A label that combines the name of an open source license with its license text.,"%1$@, %2$@","%1$@, %2$@","%1$@, %2$@","%1$@, %2$@",%1$@、%2$@,"%1$@, %2$@","%1$@, %2$@","%1$@, %2$@","%1$@, %2$@","%1$@, %2$@","%1$@, %2$@","%1$@, %2$@","%1$@, %2$@","%1$@, %2$@","%1$@, %2$@","%1$@, %2$@","%1$@, %2$@","%1$@, %2$@"
"%@, %@ m, %@",A label describing a dive. The first argument is the string “Unknown Location”. The second argument is the string “%.1f”. The third argument is the dive duration.,"%1$@, %2$@ m, %3$@","%1$@, %2$@ m, %3$@","%1$@, %2$@ m, %3$@","%1$@, %2$@ m, %3$@",%1$@、%2$@ m、%3$@,"%1$@, %2$@m, %3$@","%1$@, %2$@ m, %3$@","%1$@, %2$@ m, %3$@","%1$@, %2$@ m, %3$@","%1$@, %2$@ m, %3$@","%1$@, %2$@ m, %3$@","%1$@, %2$@ m, %3$@","%1$@, %2$@ μ., %3$@","%1$@, %2$@ m, %3$@","%1$@, %2$@ m, %3$@","%1$@, %2$@ m, %3$@","%1$@, %2$@ ม., %3$@","%1$@, %2$@ m, %3$@"
"%@, %@, %@","A label describing a dive location, maximum depth, and duration. The first argument is the string “Unknown Location”. The third argument is the string “%arg min”.","%1$@, %2$@, %3$@","%1$@, %2$@, %3$@","%1$@, %2$@, %3$@","%1$@, %2$@, %3$@",%1$@、%2$@、%3$@,"%1$@, %2$@, %3$@","%1$@, %2$@, %3$@","%1$@, %2$@, %3$@","%1$@, %2$@, %3$@","%1$@, %2$@, %3$@","%1$@, %2$@, %3$@","%1$@, %2$@, %3$@","%1$@, %2$@, %3$@","%1$@, %2$@, %3$@","%1$@, %2$@, %3$@","%1$@, %2$@, %3$@","%1$@, %2$@, %3$@","%1$@, %2$@, %3$@"
%@. %@,A label that combines the title and subtitle of a premium feature.,%1$@. %2$@,%1$@. %2$@,%1$@. %2$@,%1$@. %2$@,%1$@. %2$@,%1$@. %2$@,%1$@. %2$@,%1$@. %2$@,%1$@. %2$@,%1$@. %2$@,%1$@. %2$@,%1$@. %2$@,%1$@. %2$@,%1$@. %2$@,%1$@. %2$@,%1$@. %2$@,%1$@. %2$@,%1$@. %2$@
%@: %@,A label that combines the label and value of a detail row.,%1$@: %2$@,%1$@: %2$@,%1$@: %2$@,%1$@: %2$@,%1$@: %2$@,%1$@: %2$@,%1$@: %2$@,%1$@: %2$@,%1$@: %2$@,%1$@: %2$@,%1$@: %2$@,%1$@: %2$@,%1$@: %2$@,%1$@: %2$@,%1$@: %2$@,%1$@: %2$@,%1$@: %2$@,%1$@: %2$@
%@: %@%@,A label that combines the label and the value of a key stat.,%1$@: %2$@%3$@,%1$@: %2$@%3$@,%1$@: %2$@%3$@,%1$@: %2$@%3$@,%1$@: %2$@%3$@,%1$@: %2$@%3$@,%1$@: %2$@%3$@,%1$@: %2$@%3$@,%1$@: %2$@%3$@,%1$@: %2$@%3$@,%1$@: %2$@%3$@,%1$@: %2$@%3$@,%1$@: %2$@%3$@,%1$@: %2$@%3$@,%1$@: %2$@%3$@,%1$@: %2$@%3$@,%1$@: %2$@%3$@,%1$@: %2$@%3$@
%lld,A step indicator in the import wizard. The number inside the circle represents the step number.,%lld,%lld,%lld,%lld,%lld,%lld,%lld,%lld,%lld,%lld,%lld,%lld,%lld,%lld,%lld,%lld,%lld,%lld
%lld dive%@ imported,A description of the number of dives imported and any skipped ones. The first argument is the count of dives imported. The second argument is the count of skipped dives (duplicates).,%1$lld dive%2$@ imported,%1$lld dive%2$@ imported,已匯入 %1$lld 次潛水%2$@,已导入 %1$lld 次潜水%2$@,%1$lld 回のダイビング%2$@を読み込みました,%1$lld개의 다이빙%2$@ 가져옴,%1$lld Tauchgang%2$@ importiert,%1$lld plongée%2$@ importée,%1$lld inmersión%2$@ importada,%1$lld immersione%2$@ importata,%1$lld duik%2$@ geïmporteerd,%1$lld mergulho%2$@ importado,Εισήχθησαν %1$lld καταδύσεις%2$@,Uvezeno %1$lld urona%2$@,%1$lld penyelaman%2$@ diimport,%1$lld selam%2$@ diimport,นำเข้า %1$lld ไดฟ์%2$@ แล้ว,Đã nhập %1$lld lần lặn%2$@
%lld min,A label displaying the dive duration in minutes.,%lld min,%lld min,%lld 分鐘,%lld 分钟,%lld 分,%lld분,%lld min,%lld min,%lld min,%lld min,%lld min,%lld min,%lld λεπ,%lld min,%lld menit,%lld min,%lld นาที,%lld phút
%lld skipped (duplicates),A label that indicates how many dives were skipped because they were already in the database.,%lld skipped (duplicates),%lld skipped (duplicates),已跳過 %lld 筆（重複）,已跳过 %lld 笔（重复）,%lld 件スキップ（重複）,%lld개 건너뜀 (중복),%lld übersprungen (Duplikate),%lld doublons ignorés,%lld duplicados omitidos,%lld duplicati ignorati,%lld overgeslagen (duplicaten),%lld duplicados ignorados,%lld παραλείφθηκαν (διπλότυπα),%lld preskočeno (duplikati),%lld dilewati (duplikat),%lld dilangkau (pendua),ข้าม %lld ไดฟ์ (ซ้ำ),Đã bỏ qua %lld lượt lặn trùng lặp
%lld%%,A label displaying the percentage of oxygen in a nitrogen/oxygen (NO₂) mixture. The value is bound to a `@Binding` property.,%lld%%,%lld%%,%lld%%,%lld%%,%lld%%,%lld%%,%lld%%,%lld%%,%lld%%,%lld%%,%lld%%,%lld%%,%lld%%,%lld%%,%lld%%,%lld%%,%lld%%,%lld%%
%lldm,A label displaying a depth value in meters.,%lld m,%lld m,%lld m,%lld m,%lld m,%lld m,%lld m,%lld m,%lld m,%lld m,%lld m,%lld m,%lld μ.,%lld m,%lld m,%lld m,%lld ม.,%lld m
%lldmin,A label displaying the time in minutes.,%lld min,%lld min,%lld 分鐘,%lld 分钟,%lld 分,%lld분,%lld Min.,%lld min,%lld min,%lld min,%lld min,%lld min,%lld λεπ.,%lld min,%lld mnt,%lld min,%lld นาที,%lld phút
10L (Steel),出現於：DiveLogEditSheet.swift（無額外註解，請對照原始碼判斷情境）,,,,,,,,,,,,,,,,,,
12L (Steel),出現於：DiveLogEditSheet.swift（無額外註解，請對照原始碼判斷情境）,,,,,,,,,,,,,,,,,,
AL100 (14L),出現於：DiveLogEditSheet.swift（無額外註解，請對照原始碼判斷情境）,,,,,,,,,,,,,,,,,,
About,Settings section header｜出現於：SettingsView.swift,About,About,關於,关于,情報,정보,Über,À propos,Acerca de,Info,Over,Sobre,Σχετικά,O aplikaciji,Tentang,Mengenai,เกี่ยวกับ,Giới thiệu
Active,"Status label｜出現於：AdBannerView.swift, Extensions.swift, SettingsView.swift",Active,Active,已啟用,已启用,有効,활성,Aktiv,Actif,Activo,Attivo,Actief,Ativo,Ενεργό,Aktivno,Aktif,Aktif,เปิดใช้งาน,Hoạt động
Add New Dive,"Accessibility label for + button｜出現於：LogbookContainerView.swift, MainTabView.swift",Add New Dive,Add New Dive,新增潛水,新增潜水,新しいダイビングを追加,새 다이빙 추가,Tauchgang hinzufügen,Ajouter une plongée,Añadir inmersión,Aggiungi immersione,Voeg duik toe,Adicionar mergulho,Προσθήκη κατάδυσης,Dodaj novi uron,Tambah Penyelaman Baru,Tambah Selam Baru,เพิ่มไดฟ์ใหม่,Thêm lặn mới
Air,"Gas mix: air｜出現於：DiveLogDetailView.swift, DiveLogEditSheet.swift, DiveRowView.swift, DiveSiteSheetView.swift, 等共 7 個檔案",Air,Air,空氣,空气,空気,공기,Luft,Air,Aire,Aria,Lucht,Ar,Αέρας,Zrak,Udara,Udara,อากาศ,Không khí
Air Temperature,"出現於：DiveLogDetailView.swift, DiveLogEditSheet.swift（無額外註解，請對照原始碼判斷情境）",Air Temperature,Air Temperature,氣溫,气温,気温,기온,Lufttemperatur,Température de l'air,Temperatura del aire,Temperatura dell'aria,Luchttemperatuur,Temperatura do ar,Θερμοκρασία αέρα,Temperatura zraka,Suhu udara,Suhu udara,อุณหภูมิอากาศ,Nhiệt độ không khí
Air Temperature: %.1f degrees Celsius,⚠️ 原始碼查無直接引用（可能組字串/動態組合，翻譯時請小心）,Air Temperature: %.1f °C,Air Temperature: %.1f °C,氣溫：%.1f °C,气温：%.1f °C,気温：%.1f °C,기온: %.1f °C,Lufttemperatur: %.1f °C,Température de l'air : %.1f °C,Temperatura del aire: %.1f °C,Temperatura dell'aria: %.1f °C,Luchttemperatuur: %.1f °C,Temperatura do ar: %.1f °C,Θερμοκρασία αέρα: %.1f °C,Temperatura zraka: %.1f °C,Suhu udara: %.1f °C,Suhu udara: %.1f °C,อุณหภูมิอากาศ: %.1f °C,Nhiệt độ không khí: %.1f °C
Air Temperature: %@,出現於：DiveLogEditSheet.swift（無額外註解，請對照原始碼判斷情境）,Air Temperature: %@,Air Temperature: %@,氣溫：%@,气温：%@,気温：%@,기온: %@,Lufttemperatur: %@,Température de l'air : %@,Temperatura del aire: %@,Temperatura dell'aria: %@,Luchttemperatuur: %@,Temperatura do ar: %@,Θερμοκρασία αέρα: %@,Temperatura zraka: %@,Suhu Udara: %@,Suhu Udara: %@,อุณหภูมิอากาศ: %@,Nhiệt độ không khí: %@
Air Temperature: Not recorded,出現於：DiveLogEditSheet.swift（無額外註解，請對照原始碼判斷情境）,Air Temperature: Not recorded,Air Temperature: Not recorded,氣溫：未記錄,气温：未记录,気温：未記録,기온: 기록 없음,Lufttemperatur: Nicht erfasst,Température de l'air : Non enregistré,Temperatura del aire: No registrado,Temperatura dell'aria: Non registrato,Luchttemperatuur: Niet geregistreerd,Temperatura do ar: Não registado,Θερμοκρασία αέρα: Δεν καταγράφηκε,Temperatura zraka: Nije zabilježeno,Suhu udara: Tidak tercatat,Suhu udara: Tidak direkodkan,อุณหภูมิอากาศ: ไม่ได้บันทึก,Nhiệt độ không khí: Không ghi nhận
Altitude,"Dive environment type｜出現於：DiveLogDetailView.swift, DiveLogEditSheet.swift, DiveSiteSheetView.swift",Altitude,Altitude,高海拔,高海拔,高地,고도,Höhe,Altitude,Altitud,Altitudine,Altitude,Altitude,Υψόμετρο,Nadmorska visina,Ketinggian,Altitud,ความสูง,Altitude
Aluminum,"出現於：DiveLogDetailView.swift, DiveLogEditSheet.swift（無額外註解，請對照原始碼判斷情境）",Aluminum,Aluminium,鋁,铝,アルミニウム,알루미늄,Aluminium,Aluminium,Aluminio,Alluminio,Aluminium,Alumínio,Αλουμίνιο,Aluminijum,Aluminium,Aluminium,อลูมิเนียม,Nhôm
App Language,Settings row label｜出現於：SettingsView.swift,App Language,App Language,App 語言,App 语言,Appの言語,앱 언어,App-Sprache,Langue de l'app,Idioma de la app,Lingua dell'app,App-taal,Idioma da app,Γλώσσα εφαρμογής,Jezik aplikacije,Bahasa Aplikasi,Bahasa Aplikasi,ภาษาแอป,Ngôn ngữ ứng dụng
Ascent Rate Alert,出現於：DiveAnalysisView.swift（無額外註解，請對照原始碼判斷情境）,Ascent Rate Alert,Ascent Rate Alert,上升速度警報,上升速度警报,浮上速度警告,상승 속도 경고,Aufstiegsgeschwindigkeit-Warnung,Alerte de vitesse de remontée,Alerta de velocidad de ascenso,Avviso velocità di risalita,Waarschuwing stijgsnelheid,Alerta de velocidade de subida,Ειδοποίηση Ταχύτητας Ανόδου,Upozorenje o brzini uspona,Peringatan Kecepatan Naik,Amaran Kadar Menaik,แจ้งเตือนอัตราการขึ้นสู่ผิวน้ำ,Cảnh báo tốc độ nổi
Ascent rate exceeded 10 m/min (32.8 ft/min).,出現於：DiveAnalysisView.swift（無額外註解，請對照原始碼判斷情境）,Ascent rate exceeded 10 m/min (32.8 ft/min).,Ascent rate exceeded 10 m/min (32.8 ft/min).,上升速度超過10公尺/分(32.8英呎/分)。,上升速度超过10公尺/分(32.8英尺/分)。,浮上速度が10 m/分（32.8 ft/分）を超えました。,상승 속도가 10 m/분(32.8 ft/분)을 초과했습니다.,"Die Aufstiegsgeschwindigkeit hat 10 m/min (32,8 ft/min) überschritten.","La vitesse de remontée a dépassé 10 m/min (32,8 pi/min).","La velocidad de ascenso superó los 10 m/min (32,8 pies/min).","La velocità di risalita ha superato 10 m/min (32,8 ft/min).","De stijgsnelheid overschreed 10 m/min (32,8 ft/min).","A velocidade de subida excedeu 10 m/min (32,8 pés/min).","Η ταχύτητα ανόδου ξεπέρασε τα 10 μ/λεπτό (32,8 πόδια/λεπτό).","Brzina uspona premašila je 10 m/min (32,8 ft/min).",Kecepatan naik melebihi 10 m/menit (32.8 ft/menit).,Kadar menaik melebihi 10 m/min (32.8 ka/min).,อัตราการขึ้นสู่ผิวน้ำเกิน 10 ม./นาที (32.8 ฟุต/นาที),"Tốc độ nổi vượt quá 10 m/phút (32,8 ft/phút)."
Auto-detects format from file content,Import wizard subtitle｜出現於：ImportWizardView.swift,Auto-detects format from file content,Auto-detects format from file content,自動從檔案內容偵測格式,自动从文件内容检测格式,ファイル内容から形式を自動検出,파일 내용에서 형식 자동 감지,Format automatisch erkennen,Détection automatique du format,Detecta formato del contenido,Rileva formato dal contenuto,Formaat automatisch detecteren,Deteta o formato pelo conteúdo,Αυτόματη ανίχνευση μορφής,Automatski detektira format,Deteksi otomatis format file,Kesan format secara automatik,ตรวจพบรูปแบบอัตโนมัติ,Tự động phát hiện định dạng
Average Depth,⚠️ 原始碼查無直接引用（可能組字串/動態組合，翻譯時請小心）,Average Depth,Average Depth,平均深度,平均深度,平均深度,평균 깊이,Durchschnittliche Tiefe,Profondeur moyenne,Profundidad promedio,Profondità media,Gemiddelde diepte,Profundidade média,Μέσο βάθος,Prosječna dubina,Kedalaman rata-rata,Kedalaman rata-rata,ความลึกเฉลี่ย,Độ sâu trung bình
Avg Depth,出現於：DiveLogDetailView.swift（無額外註解，請對照原始碼判斷情境）,Avg Depth,Avg Depth,平均深度,平均深度,平均水深,평균 수심,Durchschnittstiefe,Profondeur Moyenne,Profundidad Media,Profondità Media,Gemiddelde Diepte,Profundidade Média,Μέσο Βάθος,Prosječna Dubina,Kedalaman Rata-rata,Kedalaman Purata,ความลึกเฉลี่ย,Độ Sâu Trung Bình
Backup,"出現於：DiveImportKitAdapter.swift, DiveLogBackup.swift, DiveLogDatabase.swift, DiveLogModelTests.swift, 等共 5 個檔案（無額外註解，請對照原始碼判斷情境）",Backup,Backup,備份,备份,バックアップ,백업,Sicherung,Sauvegarde,Copia de Seguridad,Backup,Back-up,Cópia de Segurança,Αντίγραφο Ασφαλείας,Sigurnosna Kopija,Cadangan,Sandaran,สำรองข้อมูล,Sao Lưu
Basic Info,Section header for basic dive information｜出現於：DiveLogEditSheet.swift,Basic Info,Basic Info,基本資訊,基本信息,基本情報,기본 정보,Basisinfos,Infos de base,Información básica,Info di base,Basisinformatie,Informações básicas,Βασικές πληροφορίες,Osnovne informacije,Info Dasar,Maklumat Asas,ข้อมูลพื้นฐาน,Thông tin cơ bản
Buddy,出現於：DiveLogDetailView.swift（無額外註解，請對照原始碼判斷情境）,Buddy,Buddy,潛伴,潜伴,バディ,버디,Buddy,Binôme,Compañero,Compagno,Duikmaatje,Companheiro de Mergulho,Συνοδός Κατάδυσης,Ronilački Par,Buddy Selam,Rakan Selam,บัดดี้,Bạn Lặn
Buy Premium for %@,Accessibility label｜出現於：SettingsView.swift,Buy Premium for %@,Buy Premium for %@,以 %@ 購買進階版,以 %@ 购买专业版,%@でプレミアムを購入,%@으로 프리미엄 구매,Premium kaufen für %@,Acheter Premium pour %@,Comprar Premium por %@,Acquista Premium per %@,Koop Premium voor %@,Comprar Premium por %@,Αγορά Premium για %@,Kupi Premium za %@,Beli Premium seharga %@,Beli Premium untuk %@,ซื้อพรีเมียมในราคา %@,Mua Premium với giá %@
Calm,"出現於：DiveLogDetailView.swift, DiveLogEditSheet.swift（無額外註解，請對照原始碼判斷情境）",Calm,Calm,平靜,平静,穏やか,잔잔,Ruhig,Calme,Calma,Calmo,Kalm,Calmo,Ήσυχα,Mirno,Tenang,Tenang,สงบ,Yên tĩnh
Cancel,"Cancel button｜出現於：DiveLogDetailView.swift, DiveLogEditSheet.swift, PurchaseManager.swift",Cancel,Cancel,取消,取消,キャンセル,취소,Abbrechen,Annuler,Cancelar,Annulla,Annuleer,Cancelar,Ακύρωση,Odustani,Batal,Batal,ยกเลิก,Hủy
Ceiling,"出現於：DiveAnalysisView.swift, DiveReplayEngine.swift, DiveReplayEngineTests.swift, Extensions.swift（無額外註解，請對照原始碼判斷情境）",Ceiling,Ceiling,減壓天花板,减压天花板,シーリング,실링,Decotiefe,Plafond,Techo,Ceiling,Ceiling,Teto,Οροφή,Strop,Ceiling,Siling,เพดาน,Trần
Clear,"出現於：DiveLogDetailView.swift, DiveLogEditSheet.swift, SettingsView.swift（無額外註解，請對照原始碼判斷情境）",Clear,Clear,晴空萬里,晴空万里,晴天,맑음,Klar,Dégagé,Despejado,Limpido,Helder,Céu limpo,Καθαρός,Čisto,Jernih,Jernih,ท้องฟ้าโปร่ง,Trời quang
Close,"Dismiss button｜出現於：MapView.swift, SettingsView.swift",Close,Close,關閉,关闭,閉じる,닫기,Schließen,Fermer,Cerrar,Chiudi,Sluit,Fechar,Κλείσιμο,Zatvori,Tutup,Tutup,ปิด,Đóng
Cloudy,"出現於：DiveLogDetailView.swift, DiveLogEditSheet.swift（無額外註解，請對照原始碼判斷情境）",Cloudy,Cloudy,多雲,多云,曇り,흐림,Bewölkt,Nuageux,Nublado,Nuvoloso,Bewolkt,Nublado,Νεφελώδης,Oblačno,Berawan,Berawan,มีเมฆ,Có mây
Conditions,"Detail view section header｜出現於：DiveLogDetailView.swift, DiveLogEditSheet.swift",Conditions,Conditions,環境條件,环境条件,コンディション,컨디션,Bedingungen,Conditions,Condiciones,Condizioni,Omstandigheden,Condições,Συνθήκες,Uvjeti,Kondisi,Keadaan,สภาพแวดล้อม,Điều kiện
Coordinates,"Dive detail field label｜出現於：DiveLogDetailView.swift, DiveSiteSheetView.swift",Coordinates,Coordinates,座標,坐标,座標,좌표,Koordinaten,Coordonnées,Coordenadas,Coordinate,Coördinaten,Coordenadas,Συντεταγμένες,Koordinate,Koordinat,Koordinat,พิกัด,Tọa độ
Cylinder Material,"出現於：DiveLogDetailView.swift, DiveLogEditSheet.swift（無額外註解，請對照原始碼判斷情境）",Cylinder Material,Cylinder Material,氣瓶材質,气瓶材质,シリンダーマテリアル,실린더 재료,Zylindermaterial,Matériau du cylindre,Material del cilindro,Materiale della bombola,Cilindermaterialen,Material do cilindro,Υλικό κυλίνδρου,Materijal cilindra,Material silinder,Bahan silinder,วัสดุถังดำน้ำ,Chất liệu bình khí
Cylinder Size,"出現於：DiveLogDetailView.swift, DiveLogEditSheet.swift（無額外註解，請對照原始碼判斷情境）",Cylinder Size,Cylinder Size,氣瓶容量,气瓶容量,シリンダーサイズ,실린더 크기,Zylindergröße,Taille du cylindre,Tamaño del cilindro,Dimensioni della bombola,Cylindergrootte,Tamanho do cilindro,Μέγεθος κυλίνδρου,Veličina cilindra,Ukuran silinder,Ukuran silinder,ขนาดถังดำน้ำ,Dung tích bình khí
Date & Time,DatePicker label,Date & Time,Date & Time,日期與時間,日期与时间,日時,날짜 및 시간,Datum & Uhrzeit,Date et heure,Fecha y hora,Data e ora,Datum en tijd,Data e hora,Ημερομηνία & Ώρα,Datum i vrijeme,Tanggal & Waktu,Tarikh & Masa,วันที่และเวลา,Ngày & Giờ
Decompression Analysis,⚠️ 原始碼查無直接引用（可能組字串/動態組合，翻譯時請小心）,Decompression Analysis,Decompression Analysis,減壓分析,减压分析,減圧分析,감압 분석,Dekompressionsanalyse,Analyse de Décompression,Análisis de Descompresión,Analisi di Decompressione,Decompressieanalyse,Análise de Descompressão,Ανάλυση Αποσυμπίεσης,Analiza Dekompresije,Analisis Dekompresi,Analisis Dekompresi,การวิเคราะห์การลดความดัน,Phân Tích Giảm Áp
Deepest,Stats header label｜出現於：DiveLogListView.swift,Deepest,Deepest,最深,最深,最深,최고 수심,Tiefste,Le plus profond,Más profundo,Più profondo,Diepste,Mais profundo,Βαθύτερη,Najdublje,Terdalam,Paling dalam,ลึกที่สุด,Sâu nhất
Delete,"出現於：DiveCalendarView.swift, DiveLogDetailView.swift, DiveLogListView.swift, MainTabView.swift（無額外註解，請對照原始碼判斷情境）",Delete,Delete,刪除,删除,削除,삭제,Löschen,Supprimer,Eliminar,Elimina,Verwijder,Apagar,Διαγραφή,Izbriši,Hapus,Padam,ลบ,Xóa
Delete Dive,出現於：DiveLogDetailView.swift（無額外註解，請對照原始碼判斷情境）,Delete Dive,Delete Dive,刪除潛水,删除潜水,ダイビングを削除,다이빙 삭제,Tauchgang löschen,Supprimer la plongée,Eliminar inmersión,Elimina immersione,Verwijder duik,Apagar mergulho,Διαγραφή κατάδυσης,Izbriši uron,Hapus Penyelaman,Padam Selam,ลบไดฟ์,Xóa chuyến lặn
Delete this dive log?,出現於：DiveLogDetailView.swift（無額外註解，請對照原始碼判斷情境）,Delete this dive log?,Delete this dive log?,刪除這筆潛水紀錄？,删除这条潜水记录？,このダイブログを削除しますか？,이 다이빙 로그를 삭제하시겠습니까?,Dieses Tauchprotokoll löschen?,Supprimer ce carnet de plongée ?,¿Eliminar este registro de inmersión?,Eliminare questo log d'immersione?,Dit duiklogboek verwijderen?,Apagar este registo de mergulho?,Διαγραφή αυτού του αρχείου καταδύσεων;,Izbrisati ovaj dnevnik urona?,Hapus log penyelaman ini?,Padam log selam ini?,ลบบันทึกการดำน้ำนี้หรือไม่?,Xóa nhật ký lặn này?
Depth,"The depth at which the area of the dive profile chart is filled.｜出現於：DiveAnalysisView.swift, DiveImportKitAdapter.swift, DiveImportKitAdapterTests.swift, DiveLog.swift, 等共 22 個檔案",Depth,Depth,深度,深度,水深,수심,Tiefe,Profondeur,Profundidad,Profondità,Diepte,Profundidade,Βάθος,Dubina,Kedalaman,Kedalaman,ความลึก,Độ sâu
Device Firmware,出現於：DiveLogDetailView.swift（無額外註解，請對照原始碼判斷情境）,Device Firmware,Device Firmware,裝置韌體,设备固件,ファームウェア,기기 펌웨어,Geräte-Firmware,Firmware de l'Appareil,Firmware del Dispositivo,Firmware del Dispositivo,Apparaat Firmware,Firmware do Dispositivo,Υλικολογισμικό Συσκευής,Firmver Uređaja,Firmware Perangkat,Firmware Peranti,เฟิร์มแวร์อุปกรณ์,Firmware Thiết Bị
Device Model,出現於：DiveLogDetailView.swift（無額外註解，請對照原始碼判斷情境）,Device Model,Device Model,裝置型號,设备型号,機種,기기 모델,Gerätemodell,Modèle de l'Appareil,Modelo del Dispositivo,Modello Dispositivo,Apparaatmodel,Modelo do Dispositivo,Μοντέλο Συσκευής,Model Uređaja,Model Perangkat,Model Peranti,รุ่นอุปกรณ์,Kiểu Máy
Device Serial,出現於：DiveLogDetailView.swift（無額外註解，請對照原始碼判斷情境）,Device Serial,Device Serial,裝置序號,设备序列号,シリアル番号,기기 일련번호,Geräteseriennummer,Numéro de Série de l'Appareil,Número de Serie del Dispositivo,Numero di Serie del Dispositivo,Apparaat Serienummer,Número de Série do Dispositivo,Σειριακός Αριθμός Συσκευής,Serijski Broj Uređaja,Nomor Seri Perangkat,Nombor Siri Peranti,หมายเลขซีเรียลอุปกรณ์,Số Sê-ri Thiết Bị
Dive Data,"Section header for dive data fields｜出現於：DiveLogEditSheet.swift, Extensions.swift",Dive Data,Dive Data,潛水數據,潜水数据,ダイビングデータ,다이빙 데이터,Tauchdaten,Données de plongée,Datos de la inmersión,Dati immersione,Duikgegevens,Dados de mergulho,Δεδομένα κατάδυσης,Podaci o uronu,Data Penyelaman,Data Selam,ข้อมูลไดฟ์,Dữ liệu lặn
Dive Data & Time,Section header for dive data and time information｜出現於：DiveLogEditSheet.swift,Dive Data & Time,Dive Data & Time,潛水數據與時間,潜水数据与时间,ダイビングデータと日時,다이빙 데이터 및 시간,Tauchdaten & Zeit,Données & heure de plongée,Datos y hora de inmersión,Dati & ora dell'immersione,Duikgegevens & tijd,Dados e hora do mergulho,Δεδομένα & Ώρα κατάδυσης,Podaci i vrijeme urona,Data & Waktu Penyelaman,Data & Masa Selam,ข้อมูลและเวลาดำน้ำ,Dữ liệu & thời gian lặn
Dive Details,Navigation title for detail view｜出現於：DiveLogDetailView.swift,Dive Details,Dive Details,潛水詳細資料,潜水详情,ダイビングの詳細,다이빙 상세 정보,Tauchdetails,Détails de la plongée,Detalles de la inmersión,Dettagli immersione,Duikdetails,Detalhes do mergulho,Λεπτομέρειες κατάδυσης,Detalji urona,Detail Penyelaman,Butiran Selam,รายละเอียดไดฟ์,Chi tiết chuyến lặn
Dive Info,"Detail view section header｜出現於：DiveLogDetailView.swift, DiveSiteSheetView.swift",Dive Info,Dive Info,潛水資訊,潜水信息,ダイビング情報,다이빙 정보,Tauchinfos,Infos de plongée,Información de inmersión,Info immersione,Duikinfo,Informações do mergulho,Πληροφορίες κατάδυσης,Informacije o uronu,Informasi Penyelaman,Maklumat Selam,ข้อมูลทั่วไป,Thông tin chuyến lặn
Dive Logbook,"Main logbook navigation title｜出現於：DiveCalendarView.swift, DiveLogListView.swift, LogbookContainerView.swift, MainTabView.swift",Dive Logbook,Dive Logbook,潛水日誌,潜水日志,ダイビングログ,다이빙 로그북,Taucherlogbuch,Carnet de plongée,Diario de inmersiones,Giornale di immersione,Duiklogboek,Diário de mergulhos,Ημερολόγιο καταδύσεων,Ronilački logbook,Logbook Penyelaman,Log selam,สมุดบันทึกการดำน้ำ,Nhật ký lặn
Dive Notes,出現於：DiveLogEditSheet.swift（無額外註解，請對照原始碼判斷情境）,Dive Notes,Dive Notes,潛水備註,潜水备注,ダイビングノート,다이빙 메모,Tauch-Notizen,Notes de Plongée,Notas de Buceo,Note di Immersione,Duikaantekeningen,Notas de Mergulho,Σημειώσεις Κατάδυσης,Bilješke Urona,Catatan Penyelaman,Nota Menyelam,บันทึกการดำน้ำ,Ghi Chú Lặn
Dive Number,出現於：DiveLogDetailView.swift（無額外註解，請對照原始碼判斷情境）,Dive Number,Dive Number,潛水編號,潜水编号,潜水番号,다이브 번호,Tauchgangsnummer,Numéro de Plongée,Número de Inmersión,Numero Immersione,Duiknummer,Número do Mergulho,Αριθμός Κατάδυσης,Broj Ronjenja,Nomor Penyelaman,Nombor Selaman,หมายเลขการดำน้ำ,Số Thứ Tự Lặn
Dive Profile,A label displayed above the dive profile chart.｜出現於：DiveLogDetailView.swift,Dive Profile,Dive Profile,潛水剖面圖,潜水剖面图,ダイブプロフィール図,다이빙 프로필,Tauchprofil,Profil de plongée,Perfil de inmersión,Profilo di immersione,Duikprofiel,Perfil de mergulho,Προφίλ κατάδυσης,Profil urona,Profil Penyelaman,Profil Selam,โปรไฟล์การดำน้ำ,Biểu đồ hồ sơ lặn
Dive Site,"TextField placeholder for dive site｜出現於：DiveLogEditSheet.swift, MapView.swift",Dive Site,Dive Site,潛水地點,潜水地点,ダイビングポイント,다이빙 사이트,Tauchplatz,Site de plongée,Punto de inmersión,Punto di immersione,Duiklocatie,Local de mergulho,Τοποθεσία κατάδυσης,Lokacija urona,Lokasi Penyelaman,Tapak Selam,จุดดำน้ำ,Địa điểm lặn
Dive Time,"Duration of the dive｜出現於：DiveLogDetailView.swift, DiveLogEditSheet.swift, DiveSiteSheetView.swift",Dive Time,Dive Time,潛水時間,潜水时间,潜水時間,잠수 시간,Tauchzeit,Temps de plongée,Tiempo de inmersión,Tempo di immersione,Duiktijd,Tempo de mergulho,Χρόνος κατάδυσης,Vrijeme urona,Waktu Penyelaman,Masa Selam,เวลาดำน้ำ,Thời gian lặn
Dive site map will be available in a future update.,Map placeholder description,Dive site map will be available in a future update.,The dive site map will be available in a future update.,潛點地圖將在後續版本中提供。,潜点地图将在后续版本中提供。,ダイビングポイントのマップは今後のアップデートで利用可能になります。,다이빙 사이트 지도는 향후 업데이트에서 지원될 예정입니다.,Die Karte der Tauchplätze wird in einem zukünftigen Update verfügbar sein.,La carte des sites sera disponible dans une prochaine mise à jour.,El mapa de puntos de inmersión estará disponible en una próxima actualización.,La mappa dei punti di immersione sarà disponibile in un prossimo aggiornamento.,De duiklocatiekaart komt beschikbaar in een toekomstige update.,O mapa dos locais de mergulho estará disponível numa atualização futura.,Ο χάρτης τοποθεσιών κατάδυσης θα είναι διαθέσιμος σε μελλοντική ενημέρωση.,Karta lokacija urona bit će dostupna u budućem ažuriranju.,Peta lokasi penyelaman akan tersedia dalam pembaruan mendatang.,Peta tapak selam akan tersedia dalam kemas kini masa hadapan.,แผนที่จุดดำน้ำจะพร้อมใช้งานในการอัปเดตในอนาคต.,Bản đồ địa điểm lặn sẽ khả dụng trong bản cập nhật tương lai.
Dives,"Stats header label for dive count｜出現於：DiveCalendarView.swift, DiveImportKitAdapter.swift, DiveLogDatabase.swift, DiveLogDetailView.swift, 等共 12 個檔案",Dives,Dives,潛水,潜水,ダイビング,다이빙,Tauchgänge,Plongées,Inmersiones,Immersioni,Duiken,Mergulhos,Καταδύσεις,Uroni,Penyelaman,Selaman,ไดฟ์,Lần lặn
Dives with GPS coordinates will appear on this map.,Map empty state description｜出現於：MapView.swift,Dives with GPS coordinates will appear on this map.,Dives with GPS coordinates will appear on this map.,含 GPS 座標的潛水記錄將顯示在地圖上。,含 GPS 坐标的潜水记录将显示在地图上。,GPS座標を持つダイビングがこのマップに表示されます。,GPS 좌표가 있는 다이빙이 이 지도에 표시됩니다.,Tauchgänge mit GPS-Koordinaten werden auf dieser Karte angezeigt.,Les plongées avec coordonnées GPS apparaîtront sur cette carte.,Las inmersiones con coordenadas GPS aparecerán en este mapa.,Le immersioni con coordinate GPS appariranno su questa mappa.,Duiken met GPS-coördinaten verschijnen op deze kaart.,Os mergulhos com coordenadas GPS aparecerão neste mapa.,Οι καταδύσεις με συντεταγμένες GPS θα εμφανίζονται σε αυτόν τον χάρτη.,Uroni s GPS koordinatama prikazat će se na ovoj karti.,Penyelaman dengan koordinat GPS akan muncul di peta ini.,Selam dengan koordinat GPS akan muncul pada peta ini.,ไดฟ์ที่มีพิกัด GPS จะแสดงบนแผนที่นี้.,Chuyến lặn có tọa độ GPS sẽ xuất hiện trên bản đồ này.
Done,Button label｜出現於：ImportWizardView.swift,Done,Done,完成,完成,完了,완료,Fertig,Terminé,Hecho,Fine,Gereed,Concluído,Τέλος,Gotovo,Selesai,Selesai,เสร็จสิ้น,Xong
Duration: %d minutes,Accessibility label｜出現於：DiveLogEditSheet.swift,Duration: %d min,Duration: %d min,潛水時間：%d 分鐘,潜水时间：%d 分钟,潜水時間：%d 分,잠수 시간: %d분,Tauchzeit: %d Min.,Durée de plongée : %d min,Tiempo de buceo: %d min,Tempo di immersione: %d min,Duur: %d min,Tempo de mergulho: %d min,Διάρκεια: %d min,Trajanje: %d min,Durasi: %d min,Tempoh: %d min,ระยะเวลา: %d min,Thời gian lặn: %d phút
EANx,"出現於：GasMix+LocalizedDisplay.swift, GasMixTests.swift（無額外註解，請對照原始碼判斷情境）",EANx,EANx,高氧,高氧,EANx,EANx,EANx,EANx,EANx,EANx,EANx,EANx,EANx,EANx,EANx,EANx,EANx,EANx
Edit,"Edit button in detail view｜出現於：DiveLogDetailView.swift, DiveLogEditSheet.swift, GasMixTests.swift, LogbookContainerView.swift, 等共 5 個檔案",Edit,Edit,編輯,编辑,編集,편집,Bearbeiten,Modifier,Editar,Modifica,Wijzig,Editar,Επεξεργασία,Uredi,Edit,Edit,แก้ไข,Sửa
Edit Dive,"Title for edit dive sheet｜出現於：DiveLogDetailView.swift, DiveLogEditSheet.swift",Edit Dive,Edit Dive,編輯潛水,编辑潜水,ダイビングを編集,다이빙 편집,Tauchgang bearbeiten,Modifier la plongée,Editar inmersión,Modifica immersione,Wijzig duik,Editar mergulho,Επεξεργασία κατάδυσης,Uredi uron,Edit Penyelaman,Edit Selam,แก้ไขไดฟ์,Sửa chuyến lặn
Enable GPS Location,出現於：SettingsView.swift（無額外註解，請對照原始碼判斷情境）,Enable GPS Location,Enable GPS Location,啟用 GPS 定位,启用 GPS 定位,GPS位置情報を有効にする,GPS 위치 사용,GPS-Standort aktivieren,Activer la position GPS,Activar ubicación GPS,Attiva posizione GPS,GPS-locatie inschakelen,Ativar localização GPS,Ενεργοποίηση τοποθεσίας GPS,Omogući GPS lokaciju,Aktifkan Lokasi GPS,Dayakan Lokasi GPS,เปิดใช้งานตำแหน่ง GPS,Bật vị trí GPS
End Pressure,"出現於：DiveLogDetailView.swift, DiveLogEditSheet.swift（無額外註解，請對照原始碼判斷情境）",End Pressure,End Pressure,結束壓力,结束压力,終了圧力,종료 압력,Enddruck,Pression finale,Presión final,Pressione finale,Einddruk,Pressão final,Πίεση λήξης,Završni tlak,Tekanan akhir,Tekanan akhir,ความดันสิ้นสุด,Áp lực cuối cùng
Enjoy an uninterrupted dive log experience.,Feature row subtitle｜出現於：SettingsView.swift,Enjoy an uninterrupted dive log experience.,Enjoy an uninterrupted dive log experience.,享受不受干擾的潛水日誌體驗。,享受不受干扰的潜水日志体验。,途切れることのないダイビングログ体験をお楽しみください。,중단 없는 다이빙 로그북을 경험해 보세요.,Genießen Sie ein ungestörtes Taucherlogbuch-Erlebnis.,Profitez d'un carnet de plongée sans interruption.,Disfruta de un diario de inmersiones sin interrupciones.,Goditi un giornale di immersione senza interruzioni.,Geniet van een ononderbroken duiklogboekervaring.,Desfrute de um diário de mergulhos sem interrupções.,Απολαύστε μια αδιάλειπτη εμπειρία ημερολογίου καταδύσεων.,Uživajte u neprekinutom ronilačkom logbooku.,Nikmati pengalaman logbook penyelaman tanpa gangguan.,Nikmati pengalaman log selam tanpa gangguan.,เพลิดเพลินกับประสบการณ์บันทึกการดำน้ำแบบไม่สะดุด.,Tận hưởng trải nghiệm nhật ký lặn không bị gián đoạn.
Enriched Air,⚠️ 原始碼查無直接引用（可能組字串/動態組合，翻譯時請小心）,Enriched Air,Enriched Air,高氧,高氧,エンリッチドエア,농축 공기,Angereicherte Luft,Air enrichi,Aire enriquecido,Aria arricchita,Verrijkte lucht,Ar enriquecido,Εμπλουτισμένος αέρας,Obogaćeni zrak,Udara Kaya,Udara Kaya,อากาศที่เข้มข้น,Không khí giàu
Entered Deco,⚠️ 原始碼查無直接引用（可能組字串/動態組合，翻譯時請小心）,Entered Deco,Entered Deco,已進入減壓,已进入减压,減圧潜水,감압 다이빙 진입,Deko betreten,Décompression Requise,Entró en Descompresión,Decompressione Richiesta,Decompressie Ingegaan,Entrou em Descompressão,Είσοδος σε Αποσυμπίεση,Ušao u Dekompresiju,Memasuki Dekompresi,Memasuki Dekompresi,เข้าสู่การลดความดัน,Đã Vào Giảm Áp
Entry & Exit,出現於：DiveLogDetailView.swift（無額外註解，請對照原始碼判斷情境）,Entry & Exit,Entry & Exit,出入水時間,出入水时间,入水と出水,입수 및 출수,Ein- und Ausstieg,Entrée et Sortie,Entrada y Salida,Ingresso e Uscita,In- en Uitgang,Entrada e Saída,Είσοδος και Έξοδος,Ulazak i Izlazak,Masuk dan Keluar,Masuk dan Keluar,เข้าน้ำและออกน้ำ,Vào Nước và Ra Nước
Entry Time,"出現於：DiveLogDetailView.swift, DiveLogEditSheet.swift（無額外註解，請對照原始碼判斷情境）",Entry Time,Entry Time,入水時間,入水时间,エントリー時刻,입수 시간,Eintrittszeit,Heure d'entrée,Hora de entrada,Orario di ingresso,Instaptijd,Hora de entrada,Ώρα εισόδου,Vrijeme ulaska,Waktu masuk,Waktu masuk,เวลาลงน้ำ,Thời gian vào nước
Environment,"Dive detail section / field label｜出現於：DiveCalendarView.swift, DiveLog.swift, DiveLogDetailView.swift, DiveLogEditSheet.swift, 等共 14 個檔案",Environment,Environment,環境,环境,環境,환경,Umgebung,Environnement,Entorno,Ambiente,Omgeving,Ambiente,Περιβάλλον,Okolina,Lingkungan,Persekitaran,สภาพแวดล้อม,Môi trường lặn
Equipment,"Section header for equipment details｜出現於：DiveLogDetailView.swift, DiveLogEditSheet.swift",Equipment,Equipment,潛水裝備,潜水装备,器材,장비,Ausrüstung,Équipement,Equipamiento,Attrezzatura,Uitrusting,Equipamento,Εξοπλισμός,Oprema,Peralatan,Peralatan,อุปกรณ์,Thiết bị
Estimated using Bühlmann ZHL-16C from the imported profile only. Not a substitute for your dive computer or certified decompression software.,出現於：DiveLogDetailView.swift（無額外註解，請對照原始碼判斷情境）,Estimated using Bühlmann ZHL-16C from the imported profile only. Not a substitute for your dive computer or certified decompression software.,Estimated using Bühlmann ZHL-16C from the imported profile only. Not a substitute for your dive computer or certified decompression software.,僅根據匯入的剖面資料，使用 Bühlmann ZHL-16C 估算。不能取代您的潛水電腦或經認證的減壓軟體。,仅根据导入的剖面数据，使用 Bühlmann ZHL-16C 估算。不能替代您的潜水电脑或经认证的减压软件。,インポートしたプロファイルのみから Bühlmann ZHL-16C で推定しています。ダイブコンピューターや認定された減圧ソフトウェアの代わりにはなりません。,가져온 프로필만을 기반으로 Bühlmann ZHL-16C를 사용해 추정한 값입니다. 다이브 컴퓨터나 공인 감압 소프트웨어를 대체할 수 없습니다.,Geschätzt mit Bühlmann ZHL-16C ausschließlich auf Basis des importierten Profils. Kein Ersatz für deinen Tauchcomputer oder zertifizierte Dekompressionssoftware.,Estimation avec Bühlmann ZHL-16C basée uniquement sur le profil importé. Ne remplace pas votre ordinateur de plongée ni un logiciel de décompression certifié.,Estimado con Bühlmann ZHL-16C solo a partir del perfil importado. No sustituye a tu ordenador de buceo ni a un software de descompresión certificado.,Stimato con Bühlmann ZHL-16C basandosi solo sul profilo importato. Non sostituisce il tuo computer subacqueo o un software di decompressione certificato.,"Geschat met Bühlmann ZHL-16C, uitsluitend op basis van het geïmporteerde profiel. Geen vervanging voor je duikcomputer of gecertificeerde decompressiesoftware.",Estimado com Bühlmann ZHL-16C apenas a partir do perfil importado. Não substitui o seu computador de mergulho ou software de descompressão certificado.,Εκτίμηση με χρήση Bühlmann ZHL-16C μόνο από το εισαγόμενο προφίλ. Δεν υποκαθιστά τον υπολογιστή κατάδυσης ή πιστοποιημένο λογισμικό αποσυμπίεσης.,Procijenjeno pomoću Bühlmann ZHL-16C samo na temelju uvezenog profila. Nije zamjena za vaš ronilački computer ili certificirani softver za dekompresiju.,Diperkirakan menggunakan Bühlmann ZHL-16C hanya dari profil yang diimpor. Bukan pengganti dive computer atau perangkat lunak dekompresi bersertifikat Anda.,Dianggarkan menggunakan Bühlmann ZHL-16C hanya daripada profil yang diimport. Bukan pengganti komputer selam atau perisian dekompresi bertauliah anda.,ประมาณการโดยใช้ Bühlmann ZHL-16C จากโปรไฟล์ที่นำเข้าเท่านั้น ไม่สามารถใช้ทดแทนคอมพิวเตอร์ดำน้ำหรือซอฟต์แวร์ลดความดันที่ได้รับการรับรอง,Ước tính bằng Bühlmann ZHL-16C chỉ dựa trên hồ sơ đã nhập. Không thay thế cho máy tính lặn hoặc phần mềm giảm áp được chứng nhận của bạn.
Exit Time,"出現於：DiveLogDetailView.swift, DiveLogEditSheet.swift（無額外註解，請對照原始碼判斷情境）",Exit Time,Exit Time,出水時間,出水时间,エグジット時刻,출수 시간,Austrittszeit,Heure de sortie,Hora de salida,Orario di uscita,Uitstaptijd,Hora de saída,Ώρα εξόδου,Vrijeme izlaska,Waktu keluar,Waktu keluar,เวลาออกน้ำ,Thời gian thoát nước
Export Backup,出現於：SettingsView.swift（無額外註解，請對照原始碼判斷情境）,Export Backup,Export Backup,匯出備份,导出备份,バックアップを書き出す,백업 내보내기,Sicherung exportieren,Exporter la Sauvegarde,Exportar Copia de Seguridad,Esporta Backup,Back-up Exporteren,Exportar Cópia de Segurança,Εξαγωγή Αντιγράφου Ασφαλείας,Izvezi Sigurnosnu Kopiju,Ekspor Cadangan,Eksport Sandaran,ส่งออกข้อมูลสำรอง,Xuất Bản Sao Lưu
"Export all dives to a JSON file, or restore from a previously exported file.",出現於：SettingsView.swift（無額外註解，請對照原始碼判斷情境）,"Export all dives to a JSON file, or restore from a previously exported file.","Export all dives to a JSON file, or restore from a previously exported file.",將所有潛水記錄匯出為 JSON 檔案，或從先前匯出的檔案還原。,将所有潜水记录导出为 JSON 文件，或从先前导出的文件还原。,すべての潜水記録をJSONファイルに書き出す、または以前に書き出したファイルから復元します。,모든 다이브를 JSON 파일로 내보내거나 이전에 내보낸 파일에서 복원하세요.,Exportiere alle Tauchgänge in eine JSON-Datei oder stelle sie aus einer zuvor exportierten Datei wieder her.,"Exportez toutes les plongées vers un fichier JSON, ou restaurez à partir d'un fichier précédemment exporté.","Exporta todas las inmersiones a un archivo JSON, o restaura desde un archivo exportado anteriormente.","Esporta tutte le immersioni in un file JSON, oppure ripristina da un file esportato in precedenza.","Exporteer alle duiken naar een JSON-bestand, of herstel vanuit een eerder geëxporteerd bestand.","Exporte todos os mergulhos para um ficheiro JSON, ou restaure a partir de um ficheiro exportado anteriormente.",Εξαγάγετε όλες τις καταδύσεις σε αρχείο JSON ή επαναφέρετε από ένα αρχείο που εξήχθη προηγουμένως.,Izvezite sva ronjenja u JSON datoteku ili vratite iz prethodno izvezene datoteke.,"Ekspor semua penyelaman ke file JSON, atau pulihkan dari file yang diekspor sebelumnya.","Eksport semua selaman ke fail JSON, atau pulihkan daripada fail yang dieksport sebelum ini.",ส่งออกการดำน้ำทั้งหมดเป็นไฟล์ JSON หรือกู้คืนจากไฟล์ที่เคยส่งออกไว้ก่อนหน้านี้,"Xuất tất cả các lần lặn ra tệp JSON, hoặc khôi phục từ tệp đã xuất trước đó."
Failed Files,A heading for a list of failed files in a batch import process.｜出現於：ImportWizardView.swift,Failed Files,Failed Files,失敗檔案,失败文件,失敗したファイル,실패한 파일,Fehlgeschlagene Dateien,Fichiers échoués,Archivos fallidos,File non riusciti,Mislukte bestanden,Ficheiros com falha,Aποτυχημένα αρχεία,Neuspjele datoteke,File Gagal,Fail Gagal,ไฟล์ที่ล้มเหลว,Tệp bị lỗi
Fast,出現於：DiveAnalysisView.swift（無額外註解，請對照原始碼判斷情境）,Fast,Fast,快速,快速,速い,빠름,Schnell,Rapide,Rápido,Veloce,Snel,Rápido,Γρήγορο,Brzo,Cepat,Cepat,เร็ว,Nhanh
File %lld of %lld,A label displaying the current and total file numbers and the name of the currently being imported file.,File %1$lld of %2$lld,File %1$lld of %2$lld,第 %1$lld 個檔案（共 %2$lld 個）,第 %1$lld 个文件（共 %2$lld 个）,ファイル %1$lld / %2$lld,파일 %1$lld/%2$lld,Datei %1$lld von %2$lld,Fichier %1$lld sur %2$lld,Archivo %1$lld de %2$lld,File %1$lld di %2$lld,Bestand %1$lld van %2$lld,Ficheiro %1$lld de %2$lld,Αρχείο %1$lld από %2$lld,Datoteka %1$lld od %2$lld,File %1$lld dari %2$lld,Fail %1$lld daripada %2$lld,ไฟล์ %1$lld จาก %2$lld,Tệp %1$lld trong %2$lld
Follow System,出現於：SettingsView.swift（無額外註解，請對照原始碼判斷情境）,Follow System,Follow System,跟隨系統,跟随系统,システムに従う,시스템 설정 따르기,Systemsprache,Suivre le système,Igual que el sistema,Segui sistema,Systeeminstelling volgen,Seguir o sistema,Ακολούθηση συστήματος,Prati sustav,Ikuti Sistem,Ikut Sistem,ตามระบบ,Theo hệ thống
Freshwater,"Dive environment type｜出現於：DiveLogDetailView.swift, DiveLogEditSheet.swift, DiveSiteSheetView.swift",Freshwater,Freshwater,淡水,淡水,淡水,담수,Süßwasser,Eau douce,Agua dulce,Acqua dolce,Zoet water,Água doce,Γλυκό νερό,Slatka voda,Air Tawar,Air Tawar,น้ำจืด,Nước ngọt
GPS Location,出現於：SettingsView.swift（無額外註解，請對照原始碼判斷情境）,GPS Location,GPS Location,GPS 定位,GPS 定位,GPS位置情報,GPS 위치,GPS-Standort,Position GPS,Ubicación GPS,Posizione GPS,GPS-locatie,Localização GPS,Τοποθεσία GPS,GPS lokacija,Lokasi GPS,Lokasi GPS,ตำแหน่ง GPS,Vị trí GPS
Garmin Descent,"出現於：DiveImportKitAdapter.swift, DiveLogDetailView.swift, DiveLogImporter.swift, DiveSiteSheetView.swift, 等共 5 個檔案（無額外註解，請對照原始碼判斷情境）",Garmin Descent,Garmin Descent,Garmin Descent,Garmin Descent,Garmin Descent,Garmin Descent,Garmin Descent,Garmin Descent,Garmin Descent,Garmin Descent,Garmin Descent,Garmin Descent,Garmin Descent,Garmin Descent,Garmin Descent,Garmin Descent,Garmin Descent,Garmin Descent
Gas,"Dive detail field label｜出現於：DiveAnalysisView.swift, DiveLog.swift, DiveLogDetailView.swift, DiveLogEditSheet.swift, 等共 12 個檔案",Gas,Gas,氣體,气体,ガス,기체,Gas,Gaz,Gas,Gas,Gas,Gás,Αέριο,Plin,Gas,Gas,แก๊ส,Khí lặn
Gas Mix,"Section header for gas mix｜出現於：DiveLogEditSheet.swift, DiveRowView.swift",Gas Mix,Gas Mix,混合氣體,混合气体,混合ガス,기체 믹스,Gasgemisch,Mélange de gaz,Mezcla de gases,Miscela gas,Gasmengsel,Mistura de gases,Μείγμα αερίου,Mješavina plina,Campuran Gas,Campuran Gas,แก๊สผสม,Khí trộn
"Hello, world!",A greeting message displayed in the main view.,"Hello, world!","Hello, world!",你好，世界！,你好，世界！,こんにちは、世界！,"안녕, 세상아!",Hallo Welt!,Bonjour le monde !,"¡Hola, mundo!","Ciao, mondo!",Hallo wereld!,"Olá, mundo!","Γεια σου, κόσμε!","Pozdrav, svijete!","Halo, dunia!","Helo, dunia!",สวัสดีชาวโลก!,Chào thế giới!
Import,"Tab bar label｜出現於：AdBannerView.swift, Color+Platform.swift, DiveImportKitAdapter.swift, DiveImportKitAdapterTests.swift, 等共 18 個檔案",Import,Import,匯入,导入,取り込み,가져오기,Import,Importer,Importar,Importa,Importeer,Importar,Εισαγωγή,Uvoz,Impor,Import,นำเข้า,Nhập dữ liệu
Import Backup,出現於：SettingsView.swift（無額外註解，請對照原始碼判斷情境）,Import Backup,Import Backup,匯入備份,导入备份,バックアップを読み込む,백업 가져오기,Sicherung importieren,Importer la Sauvegarde,Importar Copia de Seguridad,Importa Backup,Back-up Importeren,Importar Cópia de Segurança,Εισαγωγή Αντιγράφου Ασφαλείας,Uvezi Sigurnosnu Kopiju,Impor Cadangan,Import Sandaran,นำเข้าข้อมูลสำรอง,Nhập Bản Sao Lưu
Import Completed with Issues,出現於：ImportWizardView.swift（無額外註解，請對照原始碼判斷情境）,Import Completed with Issues,Import Completed with Issues,匯入完成，但有問題,导入完成，但有问题,問題が発生しましたがインポートが完了しました,문제와 함께 가져오기 완료됨,Import mit Problemen abgeschlossen,Importation terminée avec des problèmes,Importación completada con problemas,Importazione completata con problemi,Import voltooid met problemen,Importação concluída com problemas,Η εισαγωγή ολοκληρώθηκε με προβλήματα,Uvoz dovršen s problemima,Impor Selesai dengan Masalah,Import Selesai dengan Isu,นำเข้าเสร็จสิ้นพร้อมปัญหา,Nhập hoàn tất kèm sự cố
Import Dives,Import wizard navigation title｜出現於：ImportWizardView.swift,Import Dives,Import Dives,匯入潛水記錄,导入潜水记录,ダイビングを読み込む,다이빙 가져오기,Tauchgänge importieren,Importer des plongées,Importar inmersiones,Importa immersioni,Importeer duiken,Importar mergulhos,Εισαγωγή καταδύσεων,Uvezi urone,Impor Penyelaman,Import Selam,นำเข้าไดฟ์,Nhập chuyến lặn
Import Failed,Import result title｜出現於：ImportWizardView.swift,Import Failed,Import Failed,匯入失敗,导入失败,読み込み失敗,가져오기 실패,Import fehlgeschlagen,Échec de l'import,Error al importar,Importazione fallita,Importen mislukt,Falha na importação,Αποτυχία εισαγωγής,Uvoz nije uspio,Impor Gagal,Import Gagal,นำเข้าล้มเหลว,Nhập thất bại
Import Successful,Import result title｜出現於：ImportWizardView.swift,Import Successful,Import Successful,匯入成功,导入成功,読み込み成功,가져오기 성공,Import erfolgreich,Import réussi,Importación exitosa,Importazione completata,Import geslaagd,Importação com sucesso,Επιτυχής εισαγωγή,Uvoz uspješan,Impor Berhasil,Import Berjaya,นำเข้าสำเร็จ,Nhập thành công
"Imported %d dives, skipped %d duplicates.",出現於：SettingsView.swift（無額外註解，請對照原始碼判斷情境）,"Imported %d dives, skipped %d duplicates.","Imported %d dives, skipped %d duplicates.",已匯入 %d 筆潛水記錄，跳過 %d 筆重複記錄。,已导入 %d 笔潜水记录，跳过 %d 笔重复记录。,%d 件の潜水記録をインポートし、%d 件の重複をスキップしました。,"다이브 %d개를 가져왔고, 중복 %d개를 건너뛰었습니다.","%d Tauchgänge importiert, %d Duplikate übersprungen.","%d plongées importées, %d doublons ignorés.","Se importaron %d inmersiones, se omitieron %d duplicados.","Importate %d immersioni, %d duplicati ignorati.","%d duiken geïmporteerd, %d duplicaten overgeslagen.","%d mergulhos importados, %d duplicados ignorados.","Έγινε εισαγωγή %d καταδύσεων, παραλείφθηκαν %d διπλότυπα.","Uvezeno %d ronjenja, preskočeno %d duplikata.","%d penyelaman diimpor, %d duplikat dilewati.","%d selaman diimport, %d pendua dilangkau.",นำเข้าการดำน้ำ %d รายการ ข้าม %d รายการที่ซ้ำ,"Đã nhập %d lần lặn, bỏ qua %d bản trùng lặp."
Importing file %lld of %lld: %@,"A label describing the current state of the import process. If the total number of files is greater than 0, it will show the current file being imported and the total number of files. If the total number of files is 0, it will show ""Scanning files"".",Importing file %1$lld of %2$lld: %3$@,Importing file %1$lld of %2$lld: %3$@,正在匯入第 %1$lld 個檔案（共 %2$lld 個）：%3$@,正在导入第 %1$lld 个文件（共 %2$lld 个）：%3$@,ファイル %1$lld / %2$lld を取り込み中：%3$@,파일 %1$lld/%2$lld 가져오는 중: %3$@,Datei %1$lld von %2$lld wird importiert: %3$@,Importation du fichier %1$lld sur %2$lld : %3$@,Importando archivo %1$lld de %2$lld: %3$@,Importazione file %1$lld di %2$lld: %3$@,Bestand %1$lld van %2$lld importeren: %3$@,A importar ficheiro %1$lld de %2$lld: %3$@,Εισαγωγή αρχείου %1$lld από %2$lld: %3$@,Uvoz datoteke %1$lld od %2$lld: %3$@,Mengimpor file %1$lld dari %2$lld: %3$@,Mengimport fail %1$lld daripada %2$lld: %3$@,กำลังนำเข้าไฟล์ %1$lld จาก %2$lld: %3$@,Đang nhập tệp %1$lld trong %2$lld: %3$@
Importing…,Import progress label,Importing…,Importing…,匯入中…,导入中…,読み込み中…,가져오는 중…,Importieren…,Importation…,Importando…,Importazione in corso…,Importeren…,Importando…,Εισαγωγή…,Uvoženje…,Sedang mengimpor…,Importing…,กำลังนำเข้า…,Đang nhập…
Incoming,⚠️ 原始碼查無直接引用（可能組字串/動態組合，翻譯時請小心）,Incoming,Incoming,漲潮,涨潮,上げ潮,밀물,Flut,Montante,Marea creciente,Marea crescente,Vloed,Enchente,Παλίρροια,Plima,Pasang,Pasang,น้ำขึ้น,Triều lên
JD2 Logbook Premium,Sheet title,JD2 Logbook Premium,JD2 Logbook Premium,JD2 潛水日誌進階版,JD2 潜水日志专业版,JD2 Logbook プレミアム,JD2 Logbook 프리미엄,JD2 Logbook Premium,JD2 Logbook Premium,JD2 Logbook Premium,JD2 Logbook Premium,JD2 Logbook Premium,JD2 Logbook Premium,JD2 Logbook Premium,JD2 Logbook Premium,JD2 Logbook Premium,JD2 Logbook Premium,JD2 Logbook Premium,JD2 Logbook Premium
JoyDive²,"The name of the app.｜出現於：MainTabView.swift, SettingsView.swift",,,,,,,,,,,,,,,,,,
JoyDive² Premium,The title of the premium purchase screen.｜出現於：SettingsView.swift,,,,,,,,,,,,,,,,,,
Jump to Today,A button that jumps to today.｜出現於：DiveCalendarView.swift,Jump to Today,Jump to Today,跳至今天,跳至今天,今日へ移動,오늘로 이동,Heute,Aujourd'hui,Ir a hoy,Vai a oggi,Naar vandaag,Ir para hoje,Μετάβαση στο σήμερα,Skoči na danas,Lompat ke Hari Ini,Lompat ke Hari Ini,ข้ามไปวันนี้,Nhảy đến hôm nay
Key Stats,"Dive detail section header｜出現於：DiveLogDetailView.swift, DiveSiteSheetView.swift",Key Stats,Key Stats,主要數據,主要数据,主な統計,주요 통계,Wichtige Statistiken,Statistiques clés,Estadísticas clave,Statistiche chiave,Belangrijkste statistieken,Estatísticas principais,Κύρια στατιστικά,Ključne statistike,Statistik Utama,Statistik Utama,สถิติหลัก,Số liệu chính
Language,"Settings section header｜出現於：AppLanguageManager.swift, DiveLogDetailView.swift, DiveLogEditSheet.swift, ImportWizardView.swift, 等共 9 個檔案",Language,Language,語言,语言,言語,언어,Sprache,Langue,Idioma,Lingua,Taal,Idioma,Γλώσσα,Jezik,Bahasa,Bahasa,ภาษา,Ngôn ngữ
Language changes take effect right away. Some system-provided panels may still use the device language until you reopen the app.,出現於：SettingsView.swift（無額外註解，請對照原始碼判斷情境）,Language changes take effect right away. Some system-provided panels may still use the device language until you reopen the app.,Language changes take effect right away. Some system-provided panels may still use the device language until you reopen the app.,語言變更會立即生效。部分系統提供的面板在您重新開啟 App 前可能仍會使用裝置語言。,语言变更会立即生效。部分系统提供的面板在您重新开启 App 前可能仍会使用装置语言。,言語の変更はすぐに反映されます。一部のシステム提供パネルは、アプリを再度開くまで端末の言語のままになる場合があります。,언어 변경은 즉시 적용됩니다. 일부 시스템 제공 패널은 앱을 다시 열 때까지 기기 언어를 계속 사용할 수 있습니다.,Sprachänderungen wirken sofort. Manche vom System bereitgestellten Ansichten verwenden bis zum nächsten App-Start weiterhin die Gerätesprache.,Les changements de langue prennent effet immédiatement. Certains panneaux fournis par le système peuvent continuer à utiliser la langue de l'appareil jusqu'à ce que vous rouvriez l'application.,Los cambios de idioma se aplican de inmediato. Algunos paneles del sistema pueden seguir usando el idioma del dispositivo hasta que vuelvas a abrir la aplicación.,Le modifiche alla lingua hanno effetto immediato. Alcuni pannelli di sistema potrebbero continuare a usare la lingua del dispositivo finché non riapri l'app.,Taalwijzigingen worden meteen toegepast. Sommige systeempanelen gebruiken mogelijk nog de apparaattaal totdat je de app opnieuw opent.,As alterações de idioma têm efeito imediato. Alguns painéis do sistema podem continuar a usar o idioma do dispositivo até reabrir a aplicação.,Οι αλλαγές γλώσσας ισχύουν αμέσως. Ορισμένα παράθυρα του συστήματος ενδέχεται να συνεχίσουν να χρησιμοποιούν τη γλώσσα της συσκευής μέχρι να ανοίξετε ξανά την εφαρμογή.,Promjene jezika stupaju na snagu odmah. Neki sustavski prozori mogu i dalje koristiti jezik uređaja dok ponovno ne otvorite aplikaciju.,Perubahan bahasa langsung berlaku. Beberapa panel bawaan sistem mungkin masih menggunakan bahasa perangkat hingga Anda membuka ulang aplikasi.,Perubahan bahasa berkuat kuasa serta-merta. Sesetengah panel sistem mungkin masih menggunakan bahasa peranti sehingga anda membuka semula aplikasi.,การเปลี่ยนภาษาจะมีผลทันที บางแผงที่มาจากระบบอาจยังคงใช้ภาษาของอุปกรณ์จนกว่าคุณจะเปิดแอปอีกครั้ง,Thay đổi ngôn ngữ có hiệu lực ngay lập tức. Một số bảng điều khiển của hệ thống có thể vẫn dùng ngôn ngữ thiết bị cho đến khi bạn mở lại ứng dụng.
"Language, appearance, and preferences will be available in a future update.",Settings placeholder description,"Language, appearance, and preferences will be available in a future update.","Language, appearance, and preferences will be available in a future update.",語言、外觀與偏好設定將在後續版本中提供。,语言、外观与偏好设置将在后续版本中提供。,言語、外観、環境設定は今後のアップデートで利用可能になります。,"언어, 화면 스타일 및 환경 설정은 향후 업데이트에서 지원될 예정입니다.","Sprache, Erscheinungsbild und Einstellungen werden in einem zukünftigen Update verfügbar sein.","La langue, l'apparence et les préférences seront disponibles dans une prochaine mise à jour.","El idioma, la apariencia y las preferencias estarán disponibles en una próxima actualización.","Lingua, aspetto e preferenze saranno disponibili in un prossimo aggiornamento.","Taal, weergave en voorkeuren komen beschikbaar in een toekomstige update.","O idioma, a aparência e as preferências estarão disponíveis numa atualização futura.","Η γλώσσα, η εμφάνιση και οι προτιμήσεις θα είναι διαθέσιμες σε μελλοντική ενημέρωση.","Jezik, izgled i postavke bit će dostupni u budućem ažuriranju.","Bahasa, tampilan, dan preferensi akan tersedia dalam pembaruan mendatang.","Bahasa, penampilan dan keutamaan akan tersedia dalam kemas kini masa hadapan.",ภาษา รูปลักษณ์ และการตั้งค่าจะพร้อมใช้งานในการอัปเดตในอนาคต.,"Ngôn ngữ, giao diện và tùy chọn sẽ khả dụng trong bản cập nhật tương lai."
Location,"Dive detail section / field label｜出現於：DiveLog.swift, DiveLogDetailView.swift, DiveLogEditSheet.swift, DiveMapRepresentable.swift, 等共 12 個檔案",Location,Location,地點,地点,場所,위치,Ort,Lieu,Ubicación,Posizione,Locatie,Localização,Τοποθεσία,Lokacija,Lokasi,Lokasi,สถานที่,Địa điểm
Location Access Denied,"出現於：MapView.swift, SettingsView.swift（無額外註解，請對照原始碼判斷情境）",Location Access Denied,Location Access Denied,定位權限被拒絕,定位权限被拒绝,位置情報へのアクセスが拒否されました,위치 액세스가 거부됨,Standortzugriff verweigert,Accès à la position refusé,Acceso a la ubicación denegado,Accesso alla posizione negato,Locatietoegang geweigerd,Acesso à localização negado,Η πρόσβαση τοποθεσίας απορρίφθηκε,Pristup lokaciji odbijen,Akses Lokasi Ditolak,Akses Lokasi Ditolak,การเข้าถึงตำแหน่งถูกปฏิเสธ,Truy cập vị trí bị từ chối
Location data stays on your device and is only requested while enabled.,出現於：SettingsView.swift（無額外註解，請對照原始碼判斷情境）,Location data stays on your device and is only requested while enabled.,Location data stays on your device and is only requested while enabled.,位置資料只會保留在您的裝置上，且僅在啟用時才會請求。,位置数据只保留在您的装置上，且仅在启用时才会请求。,位置情報データは端末内に保存され、有効化している間のみ取得されます。,"위치 데이터는 기기에만 저장되며, 활성화된 동안에만 요청됩니다.",Standortdaten verbleiben auf deinem Gerät und werden nur bei Aktivierung angefragt.,Les données de localisation restent sur votre appareil et ne sont demandées que lorsque l'option est activée.,Los datos de ubicación permanecen en tu dispositivo y solo se solicitan mientras está activado.,I dati sulla posizione restano sul tuo dispositivo e vengono richiesti solo quando è attivo.,Locatiegegevens blijven op je apparaat en worden alleen opgevraagd wanneer dit is ingeschakeld.,Os dados de localização permanecem no seu dispositivo e só são pedidos enquanto estiver ativado.,Τα δεδομένα τοποθεσίας παραμένουν στη συσκευή σας και ζητούνται μόνο όταν είναι ενεργοποιημένα.,Podaci o lokaciji ostaju na vašem uređaju i traže se samo dok je opcija omogućena.,Data lokasi tetap di perangkat Anda dan hanya diminta saat diaktifkan.,Data lokasi kekal pada peranti anda dan hanya diminta semasa didayakan.,ข้อมูลตำแหน่งจะถูกเก็บไว้ในอุปกรณ์ของคุณเท่านั้น และจะถูกร้องขอเฉพาะเมื่อเปิดใช้งาน,Dữ liệu vị trí được lưu trên thiết bị của bạn và chỉ được yêu cầu khi tính năng này được bật.
Logbook,"Tab bar label｜出現於：AdBannerView.swift, AppLanguageManager.swift, Color+Platform.swift, DiveAnalysisView.swift, 等共 31 個檔案",Logbook,Logbook,日誌,日志,ログ,로그북,Logbuch,Carnet,Diario,Giornale,Logboek,Diário,Ημερολόγιο,Logbook,Logbook,Log,สมุดบันทึก,Nhật ký
Mandatory Safety Stop,出現於：DiveAnalysisView.swift（無額外註解，請對照原始碼判斷情境）,Mandatory Safety Stop,Mandatory Safety Stop,強制安全停留點,强制安全停留点,強制セーフティストップ,필수 안전 정지,Obligatorischer Sicherheitsstopp,Palier de sécurité obligatoire,Parada de seguridad obligatoria,Sosta di sicurezza obbligatoria,Verplichte veiligheidsstop,Paragem de segurança obrigatória,Υποχρεωτική Στάση Ασφαλείας,Obavezno sigurnosno zaustavljanje,Safety Stop Wajib,Safety Stop Wajib,การหยุดพักเพื่อความปลอดภัยภาคบังคับ,Dừng an toàn bắt buộc
Manual Entry,"Source format label for manually created dive logs｜出現於：DiveLogDetailView.swift, DiveSiteSheetView.swift",Manual Entry,Manual Entry,手動建立,手动创建,手動入力,수동 입력,Manuelle Eingabe,Saisie manuelle,Entrada manual,Inserimento manuale,Handmatige invoer,Entrada manual,Μη αυτόματη καταχώριση,Ručni unos,Entri Manual,Kemasukan Manual,กรอกข้อมูลเอง,Nhập thủ công
Map,"Tab bar label and map view title｜出現於：AdBannerView.swift, DiveCalendarView.swift, DiveMapRepresentable.swift, DiveSiteAnnotation.swift, 等共 10 個檔案",Map,Map,地圖,地图,マップ,지도,Karte,Carte,Mapa,Mappa,Kaart,Mapa,Χάρτης,Karta,Peta,Peta,แผนที่,Bản đồ
Map view coming soon,Map placeholder title,Map view coming soon,Map view coming soon,地圖檢視即將推出,地图视图即将推出,マップビューは近日公開予定,지도 뷰 곧 출시 예정,Kartenansicht demnächst verfügbar,Vue carte bientôt disponible,Vista de mapa próximamente,Mappa in arrivo,Kaartweergave binnenkort beschikbaar,Vista de mapa em breve,Η προβολή χάρτη έρχεται σύντομα,Prikaz karte stiže uskoro,Tampilan peta segera hadir,Paparan peta akan datang,มุมมองแผนที่เร็ว ๆ นี้,Giao diện bản đồ sắp ra mắt
Max Ceiling,⚠️ 原始碼查無直接引用（可能組字串/動態組合，翻譯時請小心）,Max Ceiling,Max Ceiling,最深減壓天花板,最深减压天花板,最大シーリング,최대 실링,Maximale Decotiefe,Plafond Maximum,Techo Máximo,Ceiling Massimo,Maximale Ceiling,Teto Máximo,Μέγιστη Οροφή,Maksimalni Strop,Kedalaman plafon dekompresi maksimum,Kedalaman siling dekompresi maksimum,ระดับเพดานลดความดันลึกสุด,Trần Sâu Nhất
Max Depth,"Dive detail field label｜出現於：DiveLogDetailView.swift, DiveLogEditSheet.swift, DiveSiteSheetView.swift",Max Depth,Max Depth,最大深度,最大深度,最大水深,최대 깊이,Maximale Tiefe,Profondeur max,Profundidad máx.,Profondità max,Max. diepte,Profundidade máx.,Μέγιστο βάθος,Maks. dubina,Kedalaman Maks.,Kedalaman Maks.,ความลึกสูงสุด,Độ sâu tối đa
Max Depth: %.1f metres,Accessibility label,Max Depth: %.1f m,Max Depth: %.1f m,最大深度：%.1f m,最大深度：%.1f m,最大水深：%.1f m,최대 깊이: %.1f미터,Maximale Tiefe: %.1f m,Profondeur max : %.1f m,Profundidad máx.: %.1f m,Profondità max: %.1f m,Max. diepte: %.1f m,Profundidade máx.: %.1f m,Μέγιστο βάθος: %.1f μέτρα,Maks. dubina: %.1f m,Kedalaman Maksimum: %.1f m,Kedalaman Maks: %.1f m,ความลึกสูงสุด: %.1f เมตร,Độ sâu tối đa: %.1f mét
Max Depth: %@,Accessibility label｜出現於：DiveLogEditSheet.swift,Max Depth: %@,Max Depth: %@,最大深度：%@,最大深度：%@,最大水深：%@,최대 수심: %@,Max. Tiefe: %@,Profondeur max. : %@,Profundidad máx.: %@,Profondità max: %@,Max. diepte: %@,Profundidade máx.: %@,Μέγιστο βάθος: %@,Maks. dubina: %@,Kedalaman Maks: %@,Kedalaman Maks: %@,ความลึกสูงสุด: %@,Độ sâu tối đa: %@
Min Depth,⚠️ 原始碼查無直接引用（可能組字串/動態組合，翻譯時請小心）,Min Depth,Min Depth,最小深度,最小深度,最小深度,최소 깊이,Minimale Tiefe,Profondeur minimale,Profundidad mínima,Profondità minima,Minimale diepte,Profundidade mínima,Ελάχιστο βάθος,Minimalna dubina,Kedalaman minimum,Kedalaman minimum,ความลึกต่ำสุด,Độ sâu tối thiểu
Min NDL,⚠️ 原始碼查無直接引用（可能組字串/動態組合，翻譯時請小心）,Min NDL,Min NDL,最短免減壓時間,最短免减压时间,最小 NDL,최소 NDL,Min. NDL,NDL Minimum,NDL Mínimo,NDL Minimo,Min. NDL,NDL Mínimo,Ελάχιστο NDL,Min. NDL,NDL Minimum,NDL Minimum,NDL ต่ำสุด,NDL Thấp Nhất
Moderate,"出現於：DiveLogDetailView.swift, DiveLogEditSheet.swift（無額外註解，請對照原始碼判斷情境）",Moderate,Moderate,中等,中等,中程度,중간,Mäßig,Modéré,Moderado,Moderato,Matig,Moderado,Μέτρια,Umjereno,Sedang,Sedang,ปานกลาง,Vừa phải
Month,"出現於：DiveCalendarView.swift, DiveRowView.swift（無額外註解，請對照原始碼判斷情境）",Month,Month,月,月,月,월,Monat,Mois,Mes,Mese,Monat,Mês,Μήνας,Mjesec,Bulan,Bulan,เดือน,Tháng
New Dive,"Title for new dive sheet｜出現於：DiveLogEditSheet.swift, LogbookContainerView.swift, MainTabView.swift",New Dive,New Dive,新增潛水,新增潜水,新しいダイビング,새 다이빙,Neuer Tauchgang,Nouvelle plongée,Nueva inmersión,Nuova immersione,Nieuwe duik,Novo mergulho,Νέα κατάδυση,Novi uron,Penyelaman Baru,Selam Baru,ไดฟ์ใหม่,Chuyến lặn mới
Next month,A button that shows the next month.｜出現於：DiveCalendarView.swift,Next month,Next month,下個月,下个月,来月,다음 달,Nächster Monat,Mois suivant,Mes siguiente,Mese successivo,Volgende maand,Mês seguinte,Επόμενος μήνας,Sljedeći mjesec,Bulan depan,Bulan depan,เดือนถัดไป,Tháng sau
Next year,A button that jumps to the next year.｜出現於：DiveCalendarView.swift,Next year,Next year,下一年,下一年,翌年,내년,Nächstes Jahr,Année suivante,Año siguiente,Anno successivo,Volgend jaar,Ano seguinte,Επόμενο έτος,Sljedeća godina,Tahun depan,Tahun depan,ปีหน้า,Năm sau
Nitrox,"Gas type: nitrox｜出現於：DiveLogEditSheet.swift, GasMixTests.swift, MockDataSeeder.swift",Nitrox,Nitrox,高氧,高氧,ナイトロックス,나이트록스,Nitrox,Nitrox,Nitrox,Nitrox,Nitrox,Nitrox,Nitrox,Nitrox,Nitrox,Nitrox,ไนตรอกซ์,Nitrox
Nitrox O2: %d percent,Accessibility label｜出現於：DiveLogEditSheet.swift,Nitrox O₂: %d%%,Nitrox O₂: %d%%,高氧空氣 O₂：%d%%,高氧空气 O₂：%d%%,ナイトロックス O₂：%dパーセント,나이트록스 O₂: %d퍼센트,Nitrox O₂: %d%%,Nitrox O₂ : %d%%,Nitrox O₂: %d%%,Nitrox O₂: %d%%,Nitrox O₂: %d%%,Nitrox O₂: %d%%,Nitrox O₂: %d%%,Nitrox O₂: %d%%,Nitrox O₂: %d%%,Nitrox O₂: %d%%,ไนตรอกซ์ O₂: %d เปอร์เซ็นต์,Nitrox O₂: %d%%
No,"出現於：DiveAnalysisView.swift, DiveCalendarView.swift, DiveImportKitAdapter.swift, DiveImportKitAdapterTests.swift, 等共 20 個檔案（無額外註解，請對照原始碼判斷情境）",No,No,否,否,いいえ,아니요,Nein,Non,No,No,Nee,Não,Όχι,Ne,Tidak,Tidak,ไม่ใช่,Không
No Deco,出現於：DiveAnalysisView.swift（無額外註解，請對照原始碼判斷情境）,No Deco,No Deco,免減壓,免减压,無減圧,무감압,Nullzeit,Sans palier,Sin deco,No-deco,Nultijd,Sem deco,NDL,NDL,NDL,NDL,NDL,NDL
No Dive Selected,A label that describes the state when no dive is selected.｜出現於：MainTabView.swift,No Dive Selected,No Dive Selected,未選取潛水日誌,未选取潜水日志,ダイビングが選択されていません,선택된 다이빙 없음,Kein Tauchgang ausgewählt,Aucune plongée sélectionnée,Ninguna inmersión seleccionada,Nessuna immersione selezionata,Geen duik geselecteerd,Nenhum mergulho selecionado,Δεν επιλέχθηκε κατάδυση,Nije odabran uron,Tidak ada penyelaman yang dipilih,Tiada Selam Dipilih,ไม่ได้เลือกไดฟ์,Chưa chọn chuyến lặn
No GPS Dive Sites,Map empty state title — shown when no dives have GPS coordinates｜出現於：MapView.swift,No GPS Dive Sites,No GPS Dive Sites,無 GPS 潛點,无 GPS 潜点,GPSなしのダイビングポイント,GPS 다이빙 사이트 없음,Keine GPS-Tauchplätze,Aucun site de plongée GPS,Sin puntos de inmersión GPS,Nessun punto di immersione GPS,Geen GPS-duiklocaties,Sem locais de mergulho GPS,Χωρίς τοποθεσίες κατάδυσης GPS,Nema ronilačkih lokacija s GPS-om,Tidak Ada Lokasi Penyelaman GPS,Tiada Tapak Selam GPS,ไม่มีจุดดำน้ำ GPS,Không có địa điểm lặn GPS
No dives on this date.,Calendar empty state when date has no dives｜出現於：DiveCalendarView.swift,No dives on this date.,No dives on this date.,這一天沒有潛水記錄。,此日期没有潜水记录。,この日のダイビングはありません。,이 날짜에 다이빙이 없습니다.,Keine Tauchgänge an diesem Datum.,Aucune plongée à cette date.,No hay inmersiones en esta fecha.,Nessuna immersione in questa data.,Geen duiken op deze datum.,Sem mergulhos nesta data.,Χωρίς καταδύσεις αυτή την ημερομηνία.,Nema urona na ovaj datum.,Tidak ada penyelaman pada tanggal ini.,Tiada selam pada tarikh ini.,ไม่มีไดฟ์ในวันนี้,Không có chuyến lặn vào ngày này.
No dives yet,"Empty logbook state title｜出現於：DiveLogListView.swift, MainTabView.swift",No dives yet,No dives yet,尚無潛水記錄,暂无潜水记录,ダイビングがまだありません,아직 다이빙이 없습니다,Noch keine Tauchgänge,Aucune plongée pour le moment,Aún no hay inmersiones,Ancora nessuna immersione,Nog geen duiken,Ainda sem mergulhos,Δεν υπάρχουν ακόμη καταδύσεις,Još nema urona,Belum ada penyelaman,Tiada selam lagi,ยังไม่มีไดฟ์,Chưa có chuyến lặn nào
No file selected,Import wizard: no file chosen yet,No file selected,No file selected,未選擇檔案,未选择文件,ファイルが選択されていません,선택된 파일 없음,Keine Datei ausgewählt,Aucun fichier sélectionné,Ningún archivo seleccionado,Nessun file selezionato,Geen bestand geselecteerd,Nenhum ficheiro selecionado,Δεν επιλέχθηκε αρχείο,Nije odabrana datoteka,Tidak ada file yang dipilih,Tiada fail dipilih,ไม่ได้เลือกไฟล์,Chưa chọn tệp
No notes recorded.,"Empty state for notes field｜出現於：DiveLogDetailView.swift, DiveSiteSheetView.swift",No notes recorded.,No notes recorded.,未填寫備註。,未填写备注。,メモが記録されていません。,기록된 메모가 없습니다.,Keine Notizen erfasst.,Aucune note enregistrée.,Sin notas registradas.,Nessuna nota registrata.,Geen notities geregistreerd.,Sem notas registadas.,Δεν καταγράφηκαν σημειώσεις.,Nema zabilježenih napomena.,Tidak ada catatan yang direkam.,Tiada nota direkodkan.,ไม่มีการบันทึกบันทึกย่อ,Không có ghi chú nào được ghi lại.
No previous purchase found.,Alert message｜出現於：SettingsView.swift,No previous purchase found.,No previous purchase found.,未找到先前的購買記錄。,未找到先前的购买记录。,以前の購入履歴が見つかりません。,이전 구매 내역을 찾을 수 없습니다.,Keine vorherigen Käufe gefunden.,Aucun achat antérieur trouvé.,No se encontró ninguna compra anterior.,Nessun acquisto precedente trovato.,Geen eerdere aankoop gevonden.,Nenhum histórico de compra encontrado.,Δεν βρέθηκε προηγούμενη αγορά.,Nije pronađena prethodna kupnja.,Tidak ada pembelian sebelumnya ditemukan.,Tiada pembelian terdahulu ditemui.,ไม่พบประวัติการซื้อก่อนหน้า,Không tìm thấy giao dịch mua trước đó.
,"出現於：DiveLogDetailView.swift, DiveLogEditSheet.swift（無額外註解，請對照原始碼判斷情境）",,,無,无,なし,없음,Keine,Aucun,Ninguno,Nessuno,Geen,Nenhum,Κανένα,Nema,Tidak ada,Tidak ada,ไม่มี,Không có
Not Recorded,出現於：DiveLogEditSheet.swift（無額外註解，請對照原始碼判斷情境）,Not Recorded,Not Recorded,未記錄,未记录,未記録,기록 없음,Nicht erfasst,Non enregistré,No registrado,Non registrato,Niet geregistreerd,Não registado,Δεν καταγράφηκε,Nije zabilježeno,Tidak Tercatat,Tidak Direkodkan,ไม่ได้บันทึก,Không ghi nhận
Notes,"Dive detail section / field label｜出現於：DiveLogDetailView.swift, DiveLogEditSheet.swift, DiveSiteSheetView.swift, MockDataSeeder.swift",Notes,Notes,備註,备注,メモ,메모,Notizen,Notes,Notas,Note,Notities,Notas,Σημειώσεις,Napomene,Catatan,Nota,บันทึกย่อ,Ghi chú
OK,"Alert dismiss button｜出現於：Extensions.swift, SettingsView.swift",OK,OK,確定,确定,OK,확인,OK,OK,Aceptar,OK,OK,OK,OK,U redu,OK,OK,ตกลง,OK
One-time purchase — no subscription.,Sheet subtitle｜出現於：SettingsView.swift,One-time purchase — no subscription.,One-time purchase — no subscription.,一次性購買，無需訂閱。,一次性购买，无需订阅。,一回限りの購入 — サブスクリプションなし,일회성 구매 — 구독 없음,Einmaliger Kauf — kein Abonnement,Achat unique — sans abonnement,Compra única — sin suscripción,Acquisto una tantum — nessun abbonamento,Eenmalige aankoop — geen abonnement,Compra única — sem subscrição,Αγορά μία φορά — χωρίς συνδρομή,Jednokratna kupnja — bez pretplate,Pembelian sekali — tanpa langganan,Pembelian sekali sahaja — tiada langganan,ซื้อครั้งเดียว — ไม่มีระบบสมาชิก,Mua một lần — không cần đăng ký
One-time purchase. No subscription.,Section footer｜出現於：SettingsView.swift,One-time purchase. No subscription.,One-time purchase. No subscription.,一次性購買。無需訂閱。,一次性购买。无需订阅。,一回限りの購入。サブスクリプションなし。,일회성 구매. 구독 없음.,Einmaliger Kauf. Kein Abonnement.,Achat unique. Sans abonnement.,Compra única. Sin suscripción.,Acquisto una tantum. Nessun abbonamento.,Eenmalige aankoop. Geen abonnement.,Compra única. Sem subscrição.,Αγορά μία φορά. Χωρίς συνδρομή.,Jednokratna kupnja. Bez pretplate.,Pembelian sekali. Tanpa langganan.,Pembelian sekali sahaja. Tiada langganan.,ซื้อครั้งเดียว ไม่มีระบบสมาชิก,Mua một lần. Không cần đăng ký.
"One-time purchase. No subscription.
Remove all ads.",⚠️ 原始碼查無直接引用（可能組字串/動態組合，翻譯時請小心）,"One-time purchase. No subscription.
Remove all ads.","One-time purchase. No subscription.
Remove all ads.","一次性購買，無需訂閱。
移除所有廣告。","一次性购买，无需订阅。
移除所有广告。","買い切り型。サブスクリプションなし。
すべての広告を非表示。","일회성 구매. 구독 없음.
모든 광고 제거.","Einmaliger Kauf. Kein Abo.
Alle Werbung entfernen.","Achat unique. Sans abonnement.
Supprimer toutes les pubs.","Compra única. Sin suscripción.
Eliminar todos los anuncios.","Acquisto unico. Nessun abbonamento.
Rimuovi tutti gli annunci.","Eenmalige aankoop. Geen abonnement.
Verwijder alle advertenties.","Compra única. Sem subscrição.
Remover todos os anúncios.","Εφάπαξ αγορά. Χωρίς συνδρομή.
Κατάργηση όλων των διαφημίσεων.","Jednokratna kupnja. Bez pretplate.
Ukloni sve oglase.","Pembelian sekali. Tanpa langganan.
Hapus semua iklan.","Pembelian sekali sahaja. Tiada langganan.
Buang semua iklan.","ซื้อครั้งเดียว ไม่มีสมัครสมาชิก
ลบโฆษณาออกทั้งหมด","Mua một lần. Không đăng ký.
Xóa toàn bộ quảng cáo."
One-time purchase. No subscription.\nUnlock Premium to backup and export all your dives.,Auto generated key: One-time purchase. No subscription.\nUnlock Premium to backup and export all your dives.,One-time purchase. No subscription.\nUnlock Premium to backup and export all your dives.,One-time purchase. No subscription.\nUnlock Premium to backup and export all your dives.,"一次性購買，無需訂閱。
解鎖進階版即可備份並匯出所有潛水記錄。","一次性购买，无需订阅。
解锁专业版即可备份并导出所有潜水记录。",一回限りの購入。サブスクリプションなし。\nすべてのダイビングをバックアップおよび書き出すには、プレミアムのロックを解除してください。,일회성 구매. 구독 없음.\n모든 다이빙을 백업하고 내보내려면 프리미엄을 잠금 해제하세요.,"Einmaliger Kauf. Kein Abonnement.\nSchalten Sie Premium frei, um alle Ihre Tauchgänge zu sichern und zu exportieren.",Achat unique. Sans abonnement.\nDéverrouillez le Premium pour sauvegarder et exporter toutes vos plongées.,Compra única. Sin suscripción.\nDesbloquea Premium para respaldar y exportar todas tus inmersiones.,Acquisto una tantum. Nessun abbonamento.\nSblocca Premium per eseguire il backup ed esportare tutte le tue immersioni.,Eenmalige aankoop. Geen abonnement.\nOntgrendel Premium om al je duiken te back-uppen en te exporteren.,Compra única. Sem subscrição.\nDesbloqueie o Premium para salvaguardar e exportar todos os seus mergulhos.,Αγορά μία φορά. Χωρίς συνδρομή.\nΞεκλειδώστε το Premium για να δημιουργήσετε αντίγραφα ασφαλείας και να εξαγάγετε όλες τις καταδύσεις σας.,Jednokratna kupnja. Bez pretplate.\nOtključajte Premium za sigurnosnu kopiju i izvoz svih svojih urona.,Pembelian sekali. Tanpa langganan.\nBuka kunci Premium untuk mencadangkan dan mengeksport semua penyelaman Anda.,Pembelian sekali sahaja. Tiada langganan.\nBuka kunci Premium untuk menyandar dan mengeksport semua selam anda.,ซื้อครั้งเดียว ไม่มีระบบสมาชิก\nปลดล็อกพรีเมียมเพื่อสำรองข้อมูลและส่งออกไดฟ์ทั้งหมดของคุณ,Mua một lần. Không cần đăng ký.\nMở khóa Premium để sao lưu và xuất tất cả các chuyến lặn của bạn.
Open Source Licenses,Navigation link label｜出現於：SettingsView.swift,Open Source Licenses,Open Source Licenses,開源授權,开源授权,オープンソースライセンス,오픈 소스 라이선스,Open-Source-Lizenzen,Licences open source,Licencias de código abierto,Licenze open source,Opensource-licenties,Licenças de código aberto,Άδειες ανοιχτού κώδικα,Licence otvorenog izvornog koda,Lisensi Open Source,Lesen Sumber Terbuka,ใบอนุญาตโอเพนซอร์ส,Giấy phép nguồn mở
Opens file picker to choose a dive log file,A hint for the file picker button.,Opens file picker to choose a dive log file,Opens file picker to choose a dive log file,開啟檔案選取器以選擇潛水日誌檔案,打开文件选择器以选择潜水日志文件,ファイルピッカーを開いてダイビングログファイルを選択します,파일 선택기를 열어 다이빙 로그 파일을 선택합니다,"Öffnet die Dateiauswahl, um eine Taucherlogbuch-Datei auszuwählen",Ouvre le sélecteur de fichiers pour choisir un carnet de plongée,Abre el selector de archivos para elegir un diario de inmersiones,Apre il selettore di file per scegliere un giornale di immersione,Opent de bestandskiezer om een duiklogboekbestand te kiezen,Abre o seletor de ficheiros para escolher um ficheiro de diário de mergulhos,Ανοίγει τον επιλογέα αρχείων για την επιλογή αρχείου καταγραφής κατάδυσης,Otvara alat za odabir datoteka za odabir ronilačkog logbooka,Membuka pemilih file untuk memilih file logbook penyelaman,Membuka pemilih fail untuk memilih fail log selam,เปิดตัวเลือกไฟล์เพื่อเลือกไฟล์บันทึกการดำน้ำ,Mở trình chọn tệp để chọn tệp nhật ký lặn
Opens file picker to choose dive log files or a folder,A hint for the file picker button.｜出現於：ImportWizardView.swift,Opens file picker to choose dive log files or a folder,Opens file picker to choose dive log files or a folder,開啟檔案選取器以選取潛水日誌檔案或資料夾,打开文件选择器以选取潜水日志文件或文件夹,ファイルピッカーを開いてダイビングログファイルまたはフォルダを選択します,파일 선택기를 열어 다이빙 로그 파일 또는 폴더를 선택합니다,"Öffnet die Dateiauswahl, um Tauchprotokolldateien oder einen Ordner auszuwählen",Ouvre le sélecteur de fichiers pour choisir des carnets de plongée ou un dossier,Abre el selector de archivos para elegir archivos de registro de inmersión o una carpeta,Apre il selettore di file per scegliere i file di registro di immersione o una cartella,Opent de bestandskiezer om duiklogbestanden of een map te kiezen,Abre o seletor de ficheiros para escolher ficheiros de diário de mergulhos ou uma pasta,Ανοίγει τον επιλογέα αρχείων για να επιλέξετε αρχεία καταγραφής κατάδυσης ή φάκελο,Otvara alat za odabir datoteka za odabir datoteka dnevnika urona ili mape,Membuka pemilih file untuk memilih file log penyelaman atau folder,Membuka pemilih fail untuk memilih fail log selam atau folder,เปิดตัวเลือกไฟล์เพื่อเลือกไฟล์บันทึกการดำน้ำหรือโฟลเดอร์,Mở trình chọn tệp để chọn tệp nhật ký lặn hoặc thư mục
Other Brands,出現於：ImportWizardView.swift（無額外註解，請對照原始碼判斷情境）,Other Brands,Other Brands,其他品牌,其他品牌,その他のブランド,기타 브랜드,Andere Marken,Autres marques,Otras marcas,Altri marchi,Andere merken,Outras marcas,Άλλες μάρκες,Ostale marke,Merek Lain,Jenama Lain,แบรนด์อื่น ๆ,Thương hiệu khác
Outgoing,⚠️ 原始碼查無直接引用（可能組字串/動態組合，翻譯時請小心）,Outgoing,Outgoing,退潮,退潮,下げ潮,썰물,Ebbe,Descendante,Marea vaciante,Marea calante,Eb,Vazante,Αμπώτιδα,Oseka,Surut,Surut,น้ำลง,Triều xuống
O₂,A label for the percentage of oxygen in a nitrox tank.｜出現於：DiveLogEditSheet.swift,O₂,O₂,O₂,O₂,O₂,O₂,O₂,O₂,O₂,O₂,O₂,O₂,O₂,O₂,O₂,O₂,O₂,O₂
O₂ %,Oxygen % label,O₂ %,O₂ %,O₂ %,O₂ %,O₂ %,O₂ %,O₂ %,O₂ %,O₂ %,O₂ %,O₂ %,O₂ %,O₂ %,O₂ %,O₂ %,O₂ %,O₂ %,O₂ %
Parsing…,Import progress label,Parsing…,Parsing…,解析中…,解析中…,解析中…,파싱 중…,Wird analysiert…,Analyse en cours…,Analizando…,Analisi in corso…,Analyseren…,A analisar…,Ανάλυση…,Parsiranje…,Mengurai…,Sedang menghurai…,กำลังประมวลผล…,Đang phân tích dữ liệu…
Premium,"Settings section header｜出現於：AdBannerView.swift, ImportWizardView.swift, MainTabView.swift, MapView.swift, 等共 6 個檔案",Premium,Premium,進階版,专业版,プレミアム,프리미엄,Premium,Premium,Premium,Premium,Premium,Premium,Premium,Premium,Premium,Premium,พรีเมียม,Premium
Premium Unlocked,Row label when premium is active｜出現於：SettingsView.swift,Premium Unlocked,Premium Unlocked,進階版已解鎖,专业版已解锁,プレミアムロック解除済み,프리미엄 잠금 해제됨,Premium freigeschaltet,Premium déverrouillé,Premium desbloqueado,Premium sbloccato,Premium ontgrendeld,Premium desbloqueado,Το Premium ξεκλειδώθηκε,Premium otključan,Premium Unlocked,Premium Dibuka Kunci,ปลดล็อกพรีเมียมแล้ว,Đã mở khóa Premium
Premium restored successfully.,Alert message｜出現於：SettingsView.swift,Premium restored successfully.,Premium restored successfully.,進階版已成功回復。,专业版已成功恢复。,プレミアムが正常に復元されました。,프리미엄이 성공적으로 복원되었습니다.,Premium erfolgreich wiederhergestellt.,Premium restauré avec succès.,Premium restaurado con éxito.,Premium ripristinato con successo.,Premium succesvol hersteld.,Premium restaurado com sucesso.,Το Premium αποκαταστάθηκε επιτυχώς.,Premium uspješno obnovljen.,Premium berhasil dipulihkan.,Premium berjaya dipulihkan.,คืนค่าพรีเมียมสำเร็จแล้ว,Đã khôi phục thành công Premium.
Premium unlocked — Ads removed.,出現於：SettingsView.swift（無額外註解，請對照原始碼判斷情境）,Premium unlocked — Ads removed.,Premium unlocked — Ads removed.,已解鎖進階版 — 已移除廣告。,已解锁高级版 — 已移除广告。,プレミアム解除済み — 広告なし,프리미엄 해제됨 — 광고 제거됨,Premium freigeschaltet — Werbung entfernt.,Premium débloqué — Publicités supprimées.,Premium desbloqueado — Anuncios eliminados.,Premium sbloccato — Annunci rimossi.,Premium ontgrendeld — Advertenties verwijderd.,Premium desbloqueado — Anúncios removidos.,Το Premium ξεκλειδώθηκε — Οι διαφημίσεις αφαιρέθηκαν.,Premium otključan — Oglasi uklonjeni.,Premium Terbuka — Iklan Dihapus.,Premium Dibuka — Iklan Dibuang.,ปลดล็อกพรีเมียมแล้ว — ไม่มีโฆษณา,Đã mở khóa Premium — Đã gỡ bỏ quảng cáo.
Previous month,A button that shows the previous month.｜出現於：DiveCalendarView.swift,Previous month,Previous month,上個月,上个月,先月,지난달,Letzter Monat,Mois précédent,Mes anterior,Mese precedente,Vorige maand,Mês anterior,Προηγούμενος μήνας,Prethodni mjesec,Bulan sebelumnya,Bulan lepas,เดือนก่อนหน้า,Tháng trước
Previous year,A button that displays a previous year.｜出現於：DiveCalendarView.swift,Previous year,Previous year,前一年,上一年,前年,이전 해,Vorheriges Jahr,Année précédente,Año anterior,Anno precedente,Vorig jaar,Ano anterior,Προηγούμενο έτος,Prethodna godina,Tahun lalu,Tahun lepas,ปีก่อนหน้า,Năm trước
Rainy,"出現於：DiveLogDetailView.swift, DiveLogEditSheet.swift（無額外註解，請對照原始碼判斷情境）",Rainy,Rainy,下雨,下雨,雨,비,Regnerisch,Pluvieux,Lluvioso,Piovoso,Regenachtig,Chuvoso,Βροχερός,Kišovito,Hujan,Hujan,มีฝน,Mưa
Raw Import Data,出現於：DiveLogDetailView.swift（無額外註解，請對照原始碼判斷情境）,Raw Import Data,Raw Import Data,原始匯入資料,原始导入数据,インポート元データ,가져오기 원본 데이터,Rohdaten des Imports,Données Brutes d'Importation,Datos Originales de Importación,Dati Grezzi Importati,Ruwe Importgegevens,Dados Brutos de Importação,Ακατέργαστα Δεδομένα Εισαγωγής,Neobrađeni Uvezeni Podaci,Data Impor Mentah,Data Import Mentah,ข้อมูลนำเข้าดิบ,Dữ Liệu Nhập Gốc
Recenter on My Location,出現於：MapView.swift（無額外註解，請對照原始碼判斷情境）,Recenter on My Location,Recenter on My Location,回到我的位置,回到我的位置,現在地に戻す,내 위치로 이동,Auf meinen Standort zentrieren,Recentrer sur ma position,Volver a centrar en mi ubicación,Ricentra sulla mia posizione,Opnieuw centreren op mijn locatie,Recentrar na minha localização,Επαναφορά στην τοποθεσία μου,Ponovno centriraj na moju lokaciju,Pusatkan ke Lokasi Saya,Pusatkan Semula ke Lokasi Saya,กลับไปยังตำแหน่งของฉัน,Về vị trí của tôi
Remove Ads,出現於：SettingsView.swift（無額外註解，請對照原始碼判斷情境）,Remove Ads,Remove Ads,移除廣告,移除广告,広告を削除,광고 제거,Werbung entfernen,Supprimer les publicités,Eliminar anuncios,Rimuovi annunci,Advertenties verwijderen,Remover anúncios,Αφαίρεση διαφημίσεων,Ukloni oglase,Hapus Iklan,Buang Iklan,ลบโฆษณา,Gỡ bỏ quảng cáo
Remove All Ads,Feature row title｜出現於：SettingsView.swift,Remove All Ads,Remove All Ads,移除所有廣告,移除所有广告,すべての広告を削除,모든 광고 제거,Alle Werbung entfernen,Supprimer toutes les publicités,Quitar todos los anuncios,Rimuovi tutti gli annunci,Verwijder alle advertenties,Remover todos os anúncios,Αφαίρεση όλων των διαφημίσεων,Ukloni sve oglase,Hapus Semua Iklan,Buang Semua Iklan,นำโฆษณาออกทั้งหมด,Gỡ bỏ tất cả quảng cáo
Restore,"Alert title｜出現於：AdBannerView.swift, SettingsView.swift",Restore,Restore,回復,恢复,復元,복원,Wiederherstellen,Restaurer,Restaurar,Ripristina,Herstel,Restaurar,Αποκατάσταση,Obnovi,Pulihkan,Pulihkan,คืนค่า,Khôi phục
Restore Purchase,"Button label｜出現於：AdBannerView.swift, SettingsView.swift",Restore Purchase,Restore Purchase,回復購買,恢复购买,購入履歴を復元,구매 내역 복원,Kauf wiederherstellen,Restaurer l'achat,Restaurar compra,Ripristina acquisto,Aankoop herstellen,Restaurar compra,Ανάκτηση αγοράς,Obnovi kupnju,Pulihkan Pembelian,Pulihkan Pembelian,คืนค่าการซื้อ,Khôi phục giao dịch mua
Result,"出現於：DiveAnalysisView.swift, DiveLogDatabase.swift, DiveReplayEngine.swift, DiveReplayEngineTests.swift, 等共 8 個檔案（無額外註解，請對照原始碼判斷情境）",Result,Result,結果,结果,結果,결과,Ergebnis,Résultat,Resultado,Risultato,Resultaat,Resultado,Αποτέλεσμα,Rezultat,Hasil,Hasil,ผลลัพธ์,Kết quả
Rough,"出現於：DiveLogDetailView.swift, DiveLogEditSheet.swift（無額外註解，請對照原始碼判斷情境）",Rough,Rough,大浪,大浪,荒れ,파도 높음,Rau,Agité,Agitado,Agitato,Ruw,Agitado,Ταραγμένη,Valovito,Berombak,Berombak,คลื่นแรง,Biển động
S63 (8.6L),出現於：DiveLogEditSheet.swift（無額外註解，請對照原始碼判斷情境）,,,,,,,,,,,,,,,,,,
S80 (12L),出現於：DiveLogEditSheet.swift（無額外註解，請對照原始碼判斷情境）,,,,,,,,,,,,,,,,,,
Safety Stop,"出現於：DiveAnalysisView.swift, Extensions.swift（無額外註解，請對照原始碼判斷情境）",Safety Stop,Safety Stop,安全停留,安全停留,セーフティストップ,안전 스톱,Sicherheitshalt,Arrêt de sécurité,Parada de seguridad,Sosta di sicurezza,Veiligheid stop,Paragem de segurança,Ασφαλή στάση,Sigurnosni stoj,Perhentian keselamatan,Perhentian keselamatan,หยุดความปลอดภัย,Dừng an toàn
Safety stop became mandatory: ascent rate stayed above 10 m/min (32.8 ft/min) for 10 seconds.,出現於：DiveAnalysisView.swift（無額外註解，請對照原始碼判斷情境）,Safety stop became mandatory: ascent rate stayed above 10 m/min (32.8 ft/min) for 10 seconds.,Safety stop became mandatory: ascent rate stayed above 10 m/min (32.8 ft/min) for 10 seconds.,安全停留改為強制性：上升速度連續10秒超過10公尺/分(32.8英呎/分)。,安全停留改为强制性：上升速度连续10秒超过10公尺/分(32.8英尺/分)。,セーフティストップが強制になりました：浮上速度が10秒間10 m/分（32.8 ft/分）を超えたままでした。,안전 정지가 필수로 전환되었습니다: 상승 속도가 10초 동안 10 m/분(32.8 ft/분)을 초과한 상태로 유지되었습니다.,"Der Sicherheitsstopp ist jetzt obligatorisch: Die Aufstiegsgeschwindigkeit blieb 10 Sekunden lang über 10 m/min (32,8 ft/min).","Le palier de sécurité est devenu obligatoire : la vitesse de remontée est restée supérieure à 10 m/min (32,8 pi/min) pendant 10 secondes.","La parada de seguridad pasó a ser obligatoria: la velocidad de ascenso se mantuvo por encima de 10 m/min (32,8 pies/min) durante 10 segundos.","La sosta di sicurezza è diventata obbligatoria: la velocità di risalita è rimasta sopra i 10 m/min (32,8 ft/min) per 10 secondi.","De veiligheidsstop werd verplicht: de stijgsnelheid bleef 10 seconden lang boven 10 m/min (32,8 ft/min).","A paragem de segurança tornou-se obrigatória: a velocidade de subida manteve-se acima de 10 m/min (32,8 pés/min) durante 10 segundos.","Η στάση ασφαλείας έγινε υποχρεωτική: η ταχύτητα ανόδου παρέμεινε πάνω από 10 μ/λεπτό (32,8 πόδια/λεπτό) για 10 δευτερόλεπτα.","Sigurnosno zaustavljanje postalo je obavezno: brzina uspona ostala je iznad 10 m/min (32,8 ft/min) 10 sekundi.",Safety stop menjadi wajib: kecepatan naik tetap di atas 10 m/menit (32.8 ft/menit) selama 10 detik.,Safety stop menjadi wajib: kadar menaik kekal melebihi 10 m/min (32.8 ka/min) selama 10 saat.,การหยุดพักเพื่อความปลอดภัยกลายเป็นภาคบังคับ: อัตราการขึ้นสู่ผิวน้ำสูงกว่า 10 ม./นาที (32.8 ฟุต/นาที) นานติดต่อกัน 10 วินาที,"Dừng an toàn trở thành bắt buộc: tốc độ nổi duy trì trên 10 m/phút (32,8 ft/phút) trong 10 giây."
Save,"Save button｜出現於：DiveLogDatabase.swift, DiveLogEditSheet.swift",Save,Save,儲存,存储,保存,저장,Sichern,Enregistrer,Guardar,Salva,Bewaar,Guardar,Αποθήκευση,Spremi,Simpan,Simpan,บันทึก,Lưu
Scanning files,A label that describes the scanning of files.｜出現於：ImportWizardView.swift,Scanning files,Scanning files,正在掃描檔案,正在扫描文件,ファイルをスキャン中,파일 스캔 중,Dateien werden gescannt,Analyse des fichiers,Escaneando archivos,Scansione file in corso,Bestanden scannen,A digitalizar ficheiros,Σάρωση αρχείων,Skeniranje datoteka,Memindai file,Mengimbas fail,กำลังสแกนไฟล์,Đang quét tệp
Scanning files…,A placeholder text that appears when scanning files.,Scanning files…,Scanning files…,正在掃描檔案…,正在扫描文件…,ファイルをスキャン中…,파일 스캔 중…,Dateien werden gescannt…,Analyse des fichiers…,Escaneando archivos…,Scansione file in corso…,Bestanden scannen…,A digitalizar ficheiros…,Σάρωση αρχείων…,Skeniranje datoteka…,Memindai file…,Mengimbas fail…,กำลังสแกนไฟล์…,Đang quét tệp…
Seabear CSV,"出現於：DiveLogDetailView.swift, DiveLogImporter.swift, DiveSiteSheetView.swift, ImportWizardView.swift（無額外註解，請對照原始碼判斷情境）",Seabear CSV,Seabear CSV,Seabear CSV,Seabear CSV,Seabear CSV,Seabear CSV,Seabear CSV,Seabear CSV,Seabear CSV,Seabear CSV,Seabear CSV,Seabear CSV,Seabear CSV,Seabear CSV,Seabear CSV,Seabear CSV,Seabear CSV,Seabear CSV
Search location…,Search bar placeholder in logbook list｜出現於：DiveLogListView.swift,Search location…,Search location…,搜尋地點…,搜索地点…,場所を検索…,위치 검색…,Ort suchen…,Rechercher un lieu…,Buscar ubicación…,Cerca posizione…,Zoek locatie…,Pesquisar localização…,Αναζήτηση τοποθεσίας…,Pretraži lokaciju…,Cari lokasi…,Cari lokasi…,ค้นหาสถานที่…,Tìm kiếm địa điểm…
Seawater,"Dive environment type｜出現於：DiveLogDetailView.swift, DiveLogEditSheet.swift, DiveSiteSheetView.swift",Seawater,Seawater,海水,海水,海水,해수,Meerwasser,Eau de mer,Agua de mar,Acqua di mare,Zeewater,Água salgada,Θαλασσινό νερό,Morska voda,Air Laut,Air Laut,น้ำทะเล,Nước biển
Select,"出現於：DiveCalendarView.swift, DiveImportKitAdapterTests.swift, DiveLogListView.swift, DiveMapRepresentable.swift, 等共 8 個檔案（無額外註解，請對照原始碼判斷情境）",Select,Select,選取,选取,選択,선택,Auswählen,Sélectionner,Seleccionar,Seleziona,Selecteer,Selecionar,Επιλογή,Odaberite,Pilih,Pilih,เลือก,Chọn
Select File,Import wizard button｜出現於：ImportWizardView.swift,Select File,Select File,選取檔案,选取文件,ファイルを選択,파일 선택,Datei auswählen,Sélectionner un fichier,Seleccionar archivo,Seleziona file,Selecteer bestand,Selecionar ficheiro,Επιλογή αρχείου,Odaberi datoteku,Pilih File,Pilih Fail,เลือกไฟล์,Chọn tệp
Select Files or Folder,A button that opens a file picker to select dive log files or a folder.｜出現於：ImportWizardView.swift,Select Files or Folder,Select Files or Folder,選取檔案或資料夾,选取文件或文件夹,ファイルまたはフォルダを選択,파일 또는 폴더 선택,Dateien oder Ordner auswählen,Sélectionner des fichiers ou dossier,Seleccionar archivos o carpeta,Seleziona file o cartella,Bestanden of map selecteren,Selecionar ficheiros ou pasta,Επιλέξτε αρχεία ή φάκελο,Odaberite datoteke ili mapu,Pilih File atau Folder,Pilih Fail atau Folder,เลือกไฟล์หรือโฟลเดอร์,Chọn tệp hoặc thư mục
Select a date to see dives.,Calendar initial state hint｜出現於：DiveCalendarView.swift,Select a date to see dives.,Select a date to see dives.,選取日期以查看潛水紀錄。,选取日期以查看潜水记录。,日付を選択してダイビングを表示します。,다이빙을 보려면 날짜를 선택하세요.,"Wählen Sie ein Datum, um Tauchgänge anzuzeigen.",Sélectionnez une date pour voir les plongées.,Selecciona una fecha para ver las inmersiones.,Seleziona una data per vedere le immersioni.,Selecteer een datum om duiken te bekijken.,Selecione uma data ver os mergulhos.,Επιλέξτε ημερομηνία για να δείτε καταδύσεις.,Odaberite datum za prikaz urona.,Pilih tanggal untuk melihat penyelaman.,Pilih tarikh untuk melihat selam.,เลือกวันที่เพื่อดูไดฟ์,Chọn một ngày để xem các chuyến lặn.
Select a date with dives from the calendar to view details.,A description for the dive log detail view when a dive is not selected.｜出現於：MainTabView.swift,Select a date with dives from the calendar to view details.,Select a date with dives from the calendar to view details.,從日曆中選取有潛水紀錄的日期以查看詳情。,从日历中选取有潜水记录的日期以查看详情。,カレンダーからダイビングのある日付を選択して詳細を表示します。,상세 정보를 보려면 달력에서 다이빙이 있는 날짜를 선택하세요.,"Wählen Sie ein Datum mit Tauchgängen aus dem Kalender aus, um Details anzuzeigen.",Sélectionnez une date avec des plongées dans le calendrier pour voir les détails.,Selecciona una fecha con inmersiones en el calendario para ver los detalles.,Seleziona una data con immersioni dal calendario per visualizzare i dettagli.,Selecteer een datum met duiken in de kalender om details te bekijken.,Selecione uma data com mergulhos no calendário para ver os detalhes.,Επιλέξτε μια ημερομηνία με καταδύσεις από το ημερολόγιο για να δείτε λεπτομέρειες.,Odaberite datum s uronima iz kalendara za prikaz detalja.,Pilih tanggal dengan penyelaman dari kalender untuk melihat detail.,Pilih tarikh dengan selam daripada kalendar untuk melihat butiran.,เลือกวันที่ที่มีไดฟ์จากปฏิทินเพื่อดูรายละเอียด,Chọn một ngày có các chuyến lặn từ lịch để xem chi tiết.
Select a dive from the list to view details.,A description of the content of the Dive Details view.｜出現於：MainTabView.swift,Select a dive from the list to view details.,Select a dive from the list to view details.,從列表中選取潛水日誌以查看詳情。,从列表中选取潜水日志以查看详情。,リストからダイビングを選択して詳細を表示します。,목록에서 다이빙을 선택하여 상세 정보를 확인하세요.,"Wählen Sie einen Tauchgang aus der Liste, um Details anzuzeigen.",Sélectionnez une plongée dans la liste pour voir les détails.,Seleccione una inmersión de la lista para ver los detalles.,Seleziona un'immersione dall'elenco per visualizzare i dettagli.,Selecteer een duik uit de lijst om details te bekijken.,Selecione um mergulho da lista para ver os detalhes.,Επιλέξτε μια κατάδυση από τη λίστα για να δείτε λεπτομέρειες.,Odaberite uron s popisa za prikaz detalja.,Pilih penyelaman dari daftar untuk melihat detail.,Pilih selam dari senarai untuk melihat butiran.,เลือกไดฟ์จากรายการเพื่อดูรายละเอียด,Chọn một chuyến lặn từ danh sách để xem chi tiết.
Select year and month,A label for a button that opens a picker for selecting the year and month.｜出現於：DiveCalendarView.swift,Select year and month,Select year and month,選取年份和月份,选取年份和月份,年と月を選択,연도 및 월 선택,Jahr und Monat auswählen,Sélectionner l'année et le mois,Seleccionar año y mes,Seleziona anno e mese,Selecteer jaar en maand,Selecionar ano e mês,Επιλέξτε έτος και μήνα,Odaberite godinu i mjesec,Pilih tahun dan bulan,Pilih tahun dan bulan,เลือกปีและเดือน,Chọn năm và tháng
Settings,"Tab bar label and settings title｜出現於：AppLanguageManager.swift, DiveAnalysisView.swift, DiveMapRepresentable.swift, MainTabView.swift, 等共 8 個檔案",Settings,Settings,設定,设置,設定,설정,Einstellungen,Réglages,Ajustes,Impostazioni,Instellingen,Definições,Ρυθμίσεις,Postavke,Pengaturan,Tetapan,การตั้งค่า,Cài đặt
Settings coming soon,Settings placeholder title,Settings coming soon,Settings coming soon,設定即將推出,设置即将推出,設定機能は近日公開予定,설정 곧 출시 예정,Einstellungen demnächst verfügbar,Réglages bientôt disponibles,Ajustes próximamente,Impostazioni in arrivo,Instellingen binnenkort beschikbaar,Definições em breve,Οι ρυθμίσεις έρχονται σύντομα,Postavke stižu uskoro,Pengaturan segera hadir,Tetapan akan datang,การตั้งค่าเร็ว ๆ นี้,Cài đặt sắp ra mắt
Share File,A label for sharing a file.,Share File,Share File,分享檔案,发送文件,ファイルを共有,파일 공유,Datei teilen,Partager le fichier,Compartir archivo,Condividi file,Deel bestand,Partilhar ficheiro,Κοινοποίηση αρχείου,Podijeli datoteku,Bagikan File,Kongsi Fail,แชร์ไฟล์,Chia sẻ tệp
Slack,⚠️ 原始碼查無直接引用（可能組字串/動態組合，翻譯時請小心）,Slack,Slack,平潮,平潮,平潮,정조,Stillwasser,Étale,Marea muerta,Stanca di marea,Doodtij,Estofo,Στάση παλίρροιας,Mrtva mijena,Air tenang,Air tenang,น้ำนิ่ง,Nước đứng
Slight,"出現於：DiveLogDetailView.swift, DiveLogEditSheet.swift（無額外註解，請對照原始碼判斷情境）",Slight,Slight,微浪,微浪,穏やか,잔잔함,Leichter Wellengang,Calme,Poco agitada,Poco mosso,Kalm,Pouco agitado,Ήρεμη,Mirno,Tenang,Tenang,คลื่นเล็กน้อย,Biển êm
Slow,出現於：DiveAnalysisView.swift（無額外註解，請對照原始碼判斷情境）,Slow,Slow,緩慢,缓慢,遅い,느림,Langsam,Lent,Lento,Lento,Langzaam,Lento,Αργό,Sporo,Lambat,Perlahan,ช้า,Chậm
Some files may contain multiple dives.,出現於：ImportWizardView.swift（無額外註解，請對照原始碼判斷情境）,Some files may contain multiple dives.,Some files may contain multiple dives.,部分檔案可能包含多筆潛水紀錄。,部分文件可能包含多条潜水记录。,一部のファイルには複数のダイビングが含まれている場合があります。,일부 파일에는 여러 다이빙 기록이 포함되어 있을 수 있습니다.,Einige Dateien enthalten möglicherweise mehrere Tauchgänge.,Certains fichiers peuvent contenir plusieurs plongées.,Algunos archivos pueden contener varias inmersiones.,Alcuni file potrebbero contenere più immersioni.,Soms bevatten bestanden meerdere duiken.,Alguns ficheiros podem conter vários mergulhos.,Ορισμένα αρχεία ενδέχεται να περιέχουν πολλαπλές καταδύσεις.,Neke datoteke mogu sadržavati više zarona.,Beberapa file mungkin berisi beberapa penyelaman.,Sesetengah fail mungkin mengandungi beberapa selaman.,บางไฟล์อาจมีข้อมูลการดำน้ำหลายรายการ,Một số tệp có thể chứa nhiều lượt lặn.
Source Format,"Dive detail field label｜出現於：DiveLogDetailView.swift, DiveSiteSheetView.swift",Source Format,Source Format,來源格式,来源格式,ソース形式,소스 형식,Quellformat,Format source,Formato de origen,Formato sorgente,Bronformaat,Formato de origem,Μορφή προέλευσης,Izvorni format,Format Sumber,Format Sumber,รูปแบบแหล่งที่มา,Định dạng nguồn
Start Pressure,"出現於：DiveLogDetailView.swift, DiveLogEditSheet.swift（無額外註解，請對照原始碼判斷情境）",Start Pressure,Start Pressure,起始壓力,起始压力,開始圧力,시작 압력,Startdruck,Pression de démarrage,Presión de inicio,Pressione iniziale,Startdruk,Pressão inicial,Πίεση έναρξης,Početni tlak,Tekanan awal,Tekanan awal,ความดันเริ่มต้น,Áp lực bắt đầu
Start Pressure: %.0f bar,出現於：DiveLogEditSheet.swift（無額外註解，請對照原始碼判斷情境）,Start Pressure: %.0f bar,Start Pressure: %.0f bar,起始壓力：%.0f bar,起始压力：%.0f bar,開始圧力：%.0f bar,시작 압력: %.0f bar,Startdruck: %.0f bar,Pression initiale : %.0f bar,Presión inicial: %.0f bar,Pressione iniziale: %.0f bar,Startdruk: %.0f bar,Pressão inicial: %.0f bar,Πίεση έναρξης: %.0f bar,Početni tlak: %.0f bar,Tekanan awal: %.0f bar,Tekanan awal: %.0f bar,ความดันเริ่มต้น: %.0f bar,Áp lực bắt đầu: %.0f bar
Steel,"出現於：DiveLogDetailView.swift, DiveLogEditSheet.swift（無額外註解，請對照原始碼判斷情境）",Steel,Steel,鋼,钢,鋼,강철,Stahl,Acier,Acero,Acciaio,Staal,Aço,Χάλυβας,Čelik,Baja,Baja,เหล็ก,Thép
Strong,"出現於：DiveLogDetailView.swift, DiveLogEditSheet.swift（無額外註解，請對照原始碼判斷情境）",Strong,Strong,強流,强流,強流,강한 조류,Starke Strömung,Fort,Fuerte,Forte,Sterk,Forte,Ισχυρό,Jako,Kuat,Kuat,กระแสน้ำแรง,Dòng chảy mạnh
Subsurface CSV,"出現於：DiveLogDetailView.swift, DiveLogImporter.swift, DiveSiteSheetView.swift, ImportCoordinatorTests.swift, 等共 5 個檔案（無額外註解，請對照原始碼判斷情境）",Subsurface CSV,Subsurface CSV,Subsurface CSV,Subsurface CSV,Subsurface CSV,Subsurface CSV,Subsurface CSV,Subsurface CSV,Subsurface CSV,Subsurface CSV,Subsurface CSV,Subsurface CSV,Subsurface CSV,Subsurface CSV,Subsurface CSV,Subsurface CSV,Subsurface CSV,Subsurface CSV
Subsurface XML,"出現於：DiveImportKitAdapter.swift, DiveLogDetailView.swift, DiveLogImporter.swift, DiveSiteSheetView.swift, 等共 5 個檔案（無額外註解，請對照原始碼判斷情境）",Subsurface XML,Subsurface XML,Subsurface XML,Subsurface XML,Subsurface XML,Subsurface XML,Subsurface XML,Subsurface XML,Subsurface XML,Subsurface XML,Subsurface XML,Subsurface XML,Subsurface XML,Subsurface XML,Subsurface XML,Subsurface XML,Subsurface XML,Subsurface XML
Sunny,"出現於：DiveLogDetailView.swift, DiveLogEditSheet.swift（無額外註解，請對照原始碼判斷情境）",Sunny,Sunny,晴朗,晴朗,晴れ,맑음,Sonnig,Ensoleillé,Soleado,Soleggiato,Zonnig,Ensolarado,Ηλιόλουστα,Sunčano,Cerah,Cerah,แดด,Nắng đẹp
Supported Formats,Import wizard section header｜出現於：ImportWizardView.swift,Supported Formats,Supported Formats,支援格式,支持格式,対応形式,지원 형식,Unterstützte Formate,Formats pris en charge,Formatos compatibles,Formati supportati,Ondersteunde formaten,Formatos suportados,Υποστηριζόμενες μορφές,Podržani formati,Format yang Didukung,Format Disokong,รูปแบบที่รองรับ,Định dạng hỗ trợ
Surface,"Label for the surface depth in the dive profile chart.｜出現於：DiveLogDetailView.swift, DiveLogEditSheet.swift, DiveReplayEngine.swift, Extensions.swift",Surface,Surface,水面,水面,水面,수면,Oberfläche,Surface,Superficie,Superficie,Oppervlakte,Superfície,Επιφάνεια,Površina,Permukaan,Permukaan,ผิวน้ำ,Bề mặt
Surface Condition,"出現於：DiveLogDetailView.swift, DiveLogEditSheet.swift（無額外註解，請對照原始碼判斷情境）",Surface Condition,Surface Condition,水面狀況,水面状况,水面状態,수면 상태,Oberflächenzustand,État de la surface,Condición de la superficie,Condizione della superficie,Oppervlaktetoestand,Condição da superfície,Κατάσταση επιφάνειας,Stanje površine,Kondisi permukaan,Keadaan permukaan,สภาพผิวน้ำ,Điều kiện bề mặt
Suunto JSON,"出現於：DiveLogDetailView.swift, DiveLogImporter.swift, DiveSiteSheetView.swift, ImportCoordinator.swift, 等共 6 個檔案（無額外註解，請對照原始碼判斷情境）",Suunto JSON,Suunto JSON,Suunto JSON,Suunto JSON,Suunto JSON,Suunto JSON,Suunto JSON,Suunto JSON,Suunto JSON,Suunto JSON,Suunto JSON,Suunto JSON,Suunto JSON,Suunto JSON,Suunto JSON,Suunto JSON,Suunto JSON,Suunto JSON
Switch to Calendar View,"Accessibility label for calendar toggle button｜出現於：LogbookContainerView.swift, MainTabView.swift",Switch to Calendar View,Switch to Calendar View,切換至日曆檢視,切换至日历视图,カレンダービューに切り替え,달력 뷰로 전환,Zur Kalenderansicht wechseln,Passer à la vue calendrier,Cambiar a vista de calendario,Passa alla vista calendario,Schakel over naar kalenderweergave,Mudar para Vista de Calendário,Αλλαγή σε προβολή ημερολογίου,Prebaci na prikaz kalendara,Beralih ke Tampilan Kalender,Tukar ke Paparan Kalendar,เปลี่ยนเป็นมุมมองปฏิทิน,Chuyển sang giao diện lịch
Switch to Hybrid Map,Accessibility label for map type toggle button when current type is Standard｜出現於：MapView.swift,Switch to Hybrid Map,Switch to Hybrid Map,切換至衛星混合地圖,切换至卫星混合地图,ハイブリッドマップに切り替え,하이브리드 지도로 전환,Zur Satellitenkarte wechseln,Passer à la carte hybride,Cambiar a mapa híbrido,Passa alla mappa ibrida,Schakel over naar hybride kaart,Mudar para Mapa Híbrido,Αλλαγή σε υβριδικό χάρτη,Prebaci na hibridnu kartu,Beralih ke Peta Hibrid,Tukar ke Peta Hibrid,เปลี่ยนเป็นแผนที่ไฮบริด,Chuyển sang bản đồ hỗn hợp
Switch to List View,"Accessibility label for list toggle button｜出現於：LogbookContainerView.swift, MainTabView.swift",Switch to List View,Switch to List View,切換至清單檢視,切换至列表视图,リストビューに切り替え,목록 뷰로 전환,Zur Listenansicht wechseln,Passer à la vue liste,Cambiar a vista de lista,Passa alla vista elenco,Schakel over naar lijstweergave,Mudar para Vista de Lista,Αλλαγή σε προβολή λίστας,Prebaci na prikaz popisa,Beralih ke Tampilan Daftar,Tukar ke Paparan Senarai,เปลี่ยนเป็นมุมมองรายการ,Chuyển sang giao diện danh sách
Switch to Standard Map,Accessibility label for map type toggle button when current type is Hybrid｜出現於：MapView.swift,Switch to Standard Map,Switch to Standard Map,切換至標準地圖,切换至标准地图,標準マップに切り替え,표준 지도로 전환,Zur Standardkarte wechseln,Passer à la carte standard,Cambiar a mapa estándar,Passa alla mappa standard,Schakel over naar standaardkaart,Mudar para Mapa Padrão,Αλλαγή σε τυπικό χάρτη,Prebaci na standardnu kartu,Beralih ke Peta Standar,Tukar ke Peta Standard,เปลี่ยนเป็นแผนที่มาตรฐาน,Chuyển sang bản đồ tiêu chuẩn
System Settings,出現於：SettingsView.swift（無額外註解，請對照原始碼判斷情境）,System Settings,System Settings,系統設定,系统设置,システム設定,시스템 설정,Systemeinstellungen,Réglages Système,Ajustes del sistema,Impostazioni di Sistema,Systeeminstellingen,Definições do Sistema,Ρυθμίσεις συστήματος,Postavke sustava,Pengaturan Sistem,Tetapan Sistem,การตั้งค่าระบบ,Cài đặt hệ thống
Tags,出現於：DiveLogDetailView.swift（無額外註解，請對照原始碼判斷情境）,Tags,Tags,標籤,标签,タグ,태그,Schlagwörter,Étiquettes,Etiquetas,Tag,Tags,Etiquetas,Ετικέτες,Oznake,Tag,Tag,แท็ก,Thẻ
Temp,"出現於：DiveAnalysisView.swift, DiveImportKitAdapter.swift, DiveLog.swift, DiveLogBackup.swift, 等共 14 個檔案（無額外註解，請對照原始碼判斷情境）",Temp,Temp,水溫,水温,水温,수온,Temp.,Temp.,Temp.,Temp.,Temp.,Temp.,Θερμ.,Temp.,Suhu,Suhu,อุณหภูมิน้ำ,Nhiệt độ
This action cannot be undone.,出現於：DiveLogDetailView.swift（無額外註解，請對照原始碼判斷情境）,This action cannot be undone.,This action cannot be undone.,此操作無法復原。,此操作无法撤销。,この操作は取り消せません。,이 작업은 취소할 수 없습니다.,Diese Aktion kann nicht rückgängig gemacht werden.,Cette action ne peut pas être annulée.,Esta acción no se puede deshacer.,Questa azione non può essere annullata.,Deze actie kan niet ongedaan worden gemaakt.,Esta ação não pode ser desfeita.,Αυτή η ενέργεια δεν μπορεί να αναιρεθεί.,Ova radnja se ne može poništiti.,Tindakan ini tidak dapat dibatalkan.,Tindakan ini tidak boleh dibatalkan.,การดำเนินการนี้ไม่สามารถย้อนกลับได้,Hành động này không thể hoàn tác.
Tide State,⚠️ 原始碼查無直接引用（可能組字串/動態組合，翻譯時請小心）,Tide State,Tide State,潮汐狀態,潮汐状态,潮汐状態,조석 상태,Gezeitenstand,État de la marée,Estado de la marea,Stato della marea,Getijdentoestand,Estado da maré,Κατάσταση παλιρροίας,Stanje plime,Keadaan pasang surut,Keadaan pasang surut,สภาพน้ำขึ้นน้ำลง,Trạng thái thủy triều
Time,"Area under the line in the Dive Profile Chart.｜出現於：DiveAnalysisView.swift, DiveCalendarView.swift, DiveImportKitAdapter.swift, DiveImportKitAdapterTests.swift, 等共 23 個檔案",Time,Time,時間,时间,時刻,시간,Zeit,Heure,Hora,Ora,Tijd,Hora,Ώρα,Vrijeme,Waktu,Masa,เวลา,Thời gian
Tissue Loading,出現於：DiveAnalysisView.swift（無額外註解，請對照原始碼判斷情境）,Tissue Loading,Tissue Loading,組織負荷,组织负荷,組織負荷,조직 부하,Gewebebelastung,Charge Tissulaire,Carga Tisular,Carico Tissutale,Weefselbelasting,Carga Tecidual,Φόρτωση Ιστών,Opterećenje Tkiva,Beban Jaringan,Bebanan Tisu,ภาระเนื้อเยื่อ,Tải Trọng Mô
"Tissue nitrogen loading isn't available for trimix dives yet — this is a known limitation, not an error.",出現於：DiveAnalysisView.swift（無額外註解，請對照原始碼判斷情境）,"Tissue nitrogen loading isn't available for trimix dives yet — this is a known limitation, not an error.","Tissue nitrogen loading isn't available for trimix dives yet — this is a known limitation, not an error.",Trimix 混合氣體潛水暫不支援組織氮氣負荷計算 — 此為已知限制而非錯誤。,Trimix 混合气体潜水暂不支持组织氮气饱和度计算 — 此为已知限制而非错误。,Trimix（トリミックス）ダイビングの組織窒素量はまだ対応していません。これは既知の制限事項であり、エラーではありません。,트라이믹스(Trimix) 다이빙의 조직 질소 부하는 아직 지원되지 않습니다. 이는 알려진 제한 사항이며 오류가 아닙니다.,"Die Gewebestickstoffbelastung ist für Trimix-Tauchgänge noch nicht verfügbar — dies ist eine bekannte Einschränkung, kein Fehler.",L'saturation en azote tissulaire n'est pas encore disponible pour les plongées au trimix — il s'agit d'une limitation connue et non d'une erreur.,"La carga de nitrógeno en tejidos aún no está disponible para inmersiones con trimix — esta es una limitación conocida, no un error.","Il carico di azoto nei tessuti non è ancora disponibile per le immersioni trimix: si tratta di una limitazione nota, non di un errore.","Weefselstikstofbelasting is nog niet beschikbaar voor trimixduiken — dit is een bekende beperking, geen fout.","A carga de azoto nos tecidos ainda não está disponível para mergulhos com trimix — esta é uma limitação conhecida, não um erro.","Η φόρτιση αζώτου στους ιστούς δεν είναι ακόμη διαθέσιμη για καταδύσεις trimix — αυτός είναι ένας γνωστός περιορισμός, όχι σφάλμα.","Opterećenje tkiva dušikom još nije dostupno za trimix zarone — ovo je poznato ograničenje, a ne pogreška.","Beban nitrogen jaringan belum tersedia untuk penyelaman trimix — ini adalah batasan yang diketahui, bukan kesalahan.","Beban nitrogen tisu belum tersedia untuk selaman trimix — ini adalah had yang diketahui, bukan ralat.",ยังไม่รองรับการคำนวณการสะสมไนโตรเจนในเนื้อเยื่อสำหรับการดำน้ำแบบ Trimix — นี่เป็นข้อจำกัดที่รับทราบแล้ว ไม่ใช่ข้อผิดพลาด,"Tải lượng nitơ trong mô chưa hỗ trợ cho các lượt lặn trimix — đây là giới hạn đã biết, không phải lỗi."
Total Time,Stats header label｜出現於：DiveLogListView.swift,Total Time,Total Time,總時間,总时间,合計時間,총 시간,Gesamtzeit,Temps total,Tiempo total,Tempo totale,Totale tijd,Tempo total,Συνολικός χρόνος,Ukupno vrijeme,Total Waktu,Jumlah Masa,เวลาทั้งหมด,Tổng thời gian
Touch and drag the profile to inspect any moment of the dive.,出現於：DiveAnalysisView.swift（無額外註解，請對照原始碼判斷情境）,Touch and drag the profile to inspect any moment of the dive.,Touch and drag the profile to inspect any moment of the dive.,觸摸並拖曳剖面圖，可查看潛水過程中任一時刻的狀態。,触摸并拖曳剖面图，可查看潜水过程中任一时刻的状态。,プロファイルをタッチしてドラッグすると、潜水中の任意の瞬間を確認できます。,프로필을 터치하고 드래그하면 다이빙의 특정 순간을 확인할 수 있습니다.,"Berühre und ziehe über das Profil, um jeden Moment des Tauchgangs zu untersuchen.",Touchez et faites glisser le profil pour examiner n'importe quel instant de la plongée.,Toca y arrastra el perfil para inspeccionar cualquier momento de la inmersión.,Tocca e trascina il profilo per esaminare qualsiasi momento dell'immersione.,Raak het profiel aan en sleep om elk moment van de duik te bekijken.,Toque e arraste o perfil para inspecionar qualquer momento do mergulho.,Αγγίξτε και σύρετε το προφίλ για να εξετάσετε οποιαδήποτε στιγμή της κατάδυσης.,Dodirnite i povucite profil kako biste pregledali bilo koji trenutak ronjenja.,Sentuh dan geser profil untuk memeriksa momen mana pun dalam penyelaman.,Sentuh dan seret profil untuk memeriksa mana-mana detik semasa selaman.,แตะและลากโปรไฟล์เพื่อตรวจสอบช่วงเวลาใด ๆ ของการดำน้ำ,Chạm và kéo trên hồ sơ để xem bất kỳ thời điểm nào của lần lặn.
Trimix,"出現於：DiveLogEditSheet.swift, DiveReplayEngine.swift, F5DiveKitMigrationE2ETests.swift, GasMix+LocalizedDisplay.swift, 等共 6 個檔案（無額外註解，請對照原始碼判斷情境）",Trimix,Trimix,混合氣體,混合气体,Trimix,Trimix,Trimix,Trimix,Trimix,Trimix,Trimix,Trimix,Trimix,Trimix,Trimix,Trimix,Trimix,Trimix
Try Again,Import failure retry button｜出現於：ImportWizardView.swift,Try Again,Try Again,重試,重试,もう一度お試しください,다시 시도,Erneut versuchen,Réessayer,Reintentar,Riprova,Probeer opnieuw,Tentar novamente,Δοκιμάστε ξανά,Pokušaj ponovno,Coba Lagi,Cuba Lagi,ลองอีกครั้ง,Thử lại
Units,出現於：SettingsView.swift（無額外註解，請對照原始碼判斷情境）,Units,Units,單位,单位,単位,단위,Einheiten,Unités,Unidades,Unità,Eenheden,Unidades,Μονάδες,Jedinice,Satuan,Unit,หน่วย,Đơn vị
Universal,出現於：ImportWizardView.swift（無額外註解，請對照原始碼判斷情境）,Universal,Universal,通用,通用,汎用,범용,Universal,Universel,Universal,Universale,Universeel,Universal,Γενικά,Univerzalno,Universal,Universal,ทั่วไป,Thông dụng
Unknown Location,"Fallback when dive has no location name｜出現於：DiveLogDetailView.swift, DiveMapRepresentable.swift, DiveRowView.swift, DiveSiteAnnotation.swift, 等共 5 個檔案",Unknown Location,Unknown Location,未知地點,未知地点,場所不明,알 수 없는 위치,Unbekannter Ort,Lieu inconnu,Ubicación desconocida,Posizione sconosciuta,Onbekende locatie,Localização desconhecida,Άγνωστη τοποθεσία,Nepoznata lokacija,Lokasi Tidak Diketahui,Lokasi Tidak Diketahui,ไม่ทราบสถานที่,Địa điểm không xác định
Unlock for %@,Purchase button label｜出現於：SettingsView.swift,Unlock for %@,Unlock for %@,以 %@ 解鎖,以 %@ 解锁,%@でロック解除,%@으로 잠금 해제,Freischalten für %@,Déverrouiller pour %@,Desbloquear por %@,Sblocca per %@,Ontgrendel voor %@,Desbloquear por %@,Ξεκλείδωμα για %@,Otključaj za %@,Buka kunci seharga %@,Buka kunci dengan %@,ปลดล็อกในราคา %@,Mở khóa với giá %@
Use the Import tab to add your dive computer logs.,"Empty logbook state description｜出現於：DiveLogListView.swift, MainTabView.swift",Use the Import tab to add your dive computer logs.,Use the Import tab to add your dive computer logs.,前往「匯入」標籤頁來新增潛水電腦日誌。,前往「导入」标签页添加潜水电脑日志。,「取り込み」タブからダイビングコンピューターのログを追加してください。,가져오기 탭을 사용하여 다이빙 컴퓨터 로그를 추가하세요.,"Verwenden Sie den Import-Tab, um Ihre Tauchcomputer-Logbücher hinzuzufügen.",Utilisez l'onglet Importer pour ajouter les carnets de votre ordinateur.,Usa la pestaña Importar para añadir los diarios de tu ordenador de buceo.,Usa la scheda Importa per aggiungere i registri del tuo computer subacqueo.,Gebruik het tabblad Importeer om de logboeken van je duikcomputer toe te voegen.,Utilize o separador Importar para adicionar os registos do seu computador de mergulho.,Χρησιμοποιήστε την καρτέλα Εισαγωγή για να προσθέσετε καταγραφές από το καταδυτικό σας κομπιούτερ.,Upotrijebite karticu Uvoz za dodavanje zapisa s ronilačkog računala.,Gunakan tab Impor untuk menambahkan logbook komputer selam Anda.,Gunakan tab Import untuk menambah log komputer selam anda.,ใช้แท็บนำเข้าเพื่อเพิ่มบันทึกจากคอมพิวเตอร์ดำน้ำของคุณ,Sử dụng tab Nhập để thêm nhật ký máy tính lặn của bạn.
Version,"Settings row label｜出現於：DiveLogBackup.swift, DiveLogDatabase.swift, DiveLogModelTests.swift, SettingsView.swift",Version,Version,版本,版本,バージョン,버전,Version,Version,Versión,Versione,Versie,Versão,Έκδοση,Verzija,Versi,Versi,เวอร์ชัน,Phiên bản
Version %@,Accessibility label｜出現於：SettingsView.swift,Version %@,Version %1$@,版本 %1$@,版本 %1$@,バージョン %1$@,버전 %1$@,Version %1$@,Version %1$@,Versión %1$@,Versione %1$@,Versie %1$@,Versão %1$@,Έκδοση %1$@,Verzija %1$@,Versi %1$@,Versi %1$@,เวอร์ชัน %1$@,Phiên bản %1$@
Visibility,"出現於：DiveLogDetailView.swift, DiveLogEditSheet.swift, DiveSiteSheetView.swift, MainTabView.swift（無額外註解，請對照原始碼判斷情境）",Visibility,Visibility,能見度,能见度,能見度,가시거리,Sichtweite,Visibilité,Visibilidad,Visibilità,Zicht,Visibilidade,Ορατότητα,Vidljivost,Visibilitas,Visibilitas,ระดับความเห็น,Khả năng nhìn thấy
Visibility: %.1f metres,⚠️ 原始碼查無直接引用（可能組字串/動態組合，翻譯時請小心）,Visibility: %.1f m,Visibility: %.1f m,能見度：%.1f m,能见度：%.1f m,透明度：%.1f m,시야: %.1f m,Sicht: %.1f m,Visibilité : %.1f m,Visibilidad: %.1f m,Visibilità: %.1f m,Zicht: %.1f m,Visibilidade: %.1f m,Ορατότητα: %.1f m,Vidljivost: %.1f m,Jarak pandang: %.1f m,Jarak penglihatan: %.1f m,ทัศนวิสัย: %.1f ม.,Tầm nhìn: %.1f m
Visibility: %@,出現於：DiveLogEditSheet.swift（無額外註解，請對照原始碼判斷情境）,Visibility: %@,Visibility: %@,能見度：%@,能见度：%@,透明度：%@,시야: %@,Sicht: %@,Visibilité : %@,Visibilidad: %@,Visibilità: %@,Zicht: %@,Visibilidade: %@,Ορατότητα: %@,Vidljivost: %@,Visibilitas: %@,Keterlihatan: %@,ทัศนวิสัย: %@,Tầm nhìn: %@
Visibility: Not recorded,出現於：DiveLogEditSheet.swift（無額外註解，請對照原始碼判斷情境）,Visibility: Not recorded,Visibility: Not recorded,能見度：未記錄,能见度：未记录,透明度：未記録,시야: 기록 없음,Sicht: Nicht erfasst,Visibilité : Non enregistré,Visibilidad: No registrado,Visibilità: Non registrato,Zicht: Niet geregistreerd,Visibilidade: Não registado,Ορατότητα: Δεν καταγράφηκε,Vidljivost: Nije zabilježeno,Jarak pandang: Tidak tercatat,Jarak penglihatan: Tidak direkodkan,ทัศนวิสัย: ไม่ได้บันทึก,Tầm nhìn: Không ghi nhận
Water Flow,"出現於：DiveLogDetailView.swift, DiveLogEditSheet.swift（無額外註解，請對照原始碼判斷情境）",Water Flow,Water Flow,水流,水流,水流,수류,Wasserströmung,Courant d'eau,Corriente de agua,Corrente d'acqua,Waterstroom,Corrente de água,Ροή νερού,Vodena struja,Arus air,Arus air,กระแสน้ำ,Dòng nước
Water Temp,"Dive detail field label｜出現於：DiveLogDetailView.swift, DiveLogEditSheet.swift, DiveSiteSheetView.swift",Water Temp,Water Temp,水溫,水温,水温,수온,Wassertemp.,Temp. eau,Temp. agua,Temp. acqua,Watertemp.,Temp. água,Θερμ. νερού,Temp. vode,Suhu Air,Suhu Air,อุณหภูมิน้ำ,Nhiệt độ nước
Water Temperature: %.1f degrees Celsius,Accessibility label,Water Temperature: %.1f °C,Water Temperature: %.1f °C,水溫：%.1f °C,水温：%.1f °C,水温：%.1f °C,수온: %.1f도,Wassertemperatur: %.1f °C,Température de l'eau : %.1f °C,Temperatura del agua: %.1f °C,Temperatura dell'acqua: %.1f °C,Watertemperatuur: %.1f °C,Temperatura da água: %.1f °C,Θερμοκρασία νερού: %.1f °C,Temperatura vode: %.1f Celzijevih stupnjeva,Suhu Air: %.1f °C,Suhu Air: %.1f °C,อุณหภูมิน้ำ: %.1f °C,Nhiệt độ nước: %.1f °C
Water Temperature: %@,Accessibility label｜出現於：DiveLogEditSheet.swift,Water Temperature: %@,Water Temperature: %@,水溫：%@,水温：%@,水温：%@,수온: %@,Wassertemperatur: %@,Température de l'eau : %@,Temperatura del agua: %@,Temperatura dell'acqua: %@,Watertemperatuur: %@,Temperatura da água: %@,Θερμοκρασία νερού: %@,Temperatura vode: %@,Suhu Air: %@,Suhu Air: %@,อุณหภูมิน้ำ: %@,Nhiệt độ nước: %@
Water Type,Picker label for water type｜出現於：DiveLogEditSheet.swift,Water Type,Water Type,水域類型,水域类型,水の種類,수질 유형,Wasserart,Type d'eau,Tipo de agua,Tipo di acqua,Watertype,Tipo de água,Τύπος νερού,Vrsta vode,Jenis Air,Jenis Air,ประเภทน้ำ,Loại nước
Weather,"出現於：DiveLogDetailView.swift, DiveLogEditSheet.swift（無額外註解，請對照原始碼判斷情境）",Weather,Weather,天氣,天气,天気,날씨,Wetter,Météo,Clima,Tempo,Weer,Tempo,Καιρός,Vrijeme,Cuaca,Cuaca,สภาพอากาศ,Thời tiết
Weight,"出現於：DiveLogDetailView.swift, DiveLogEditSheet.swift（無額外註解，請對照原始碼判斷情境）",Weight,Weight,配重,配重,ウェイト,무게,Gewicht,Poids,Peso,Peso,Gewicht,Peso,Βάρος,Težina,Berat,Berat,น้ำหนัก,Trọng lượng
Weight Total,⚠️ 原始碼查無直接引用（可能組字串/動態組合，翻譯時請小心）,Weight Total,Weight Total,總配重,总配重,総ウエイト,총 웨이트,Gesamtblei,Lest total,Lastro total,Zavorra totale,Totaal lood,Lastro total,Συνολικό βάρος,Ukupno olovo,Total Pemberat,Total Pemberat,น้ำหนักตะกั่วรวม,Tổng chì
Weight: %.1f kilograms,出現於：DiveLogEditSheet.swift（無額外註解，請對照原始碼判斷情境）,Weight: %.1f kilograms,Weight: %.1f kilograms,配重：%.1f 公斤,配重：%.1f 公斤,ウエイト：%.1f kg,웨이트: %.1f kg,Bleigewicht: %.1f kg,Lest : %.1f kg,Lastre: %.1f kg,Zavorra: %.1f kg,Lood: %.1f kg,Lastro: %.1f kg,Βάρος: %.1f κιλά,Olovo: %.1f kg,Pemberat: %.1f kg,Pemberat: %.1f kg,น้ำหนักตะกั่ว: %.1f กิโลกรัม,Trọng lượng chì: %.1f kg
Wetsuit,"出現於：DiveLogDetailView.swift, DiveLogEditSheet.swift（無額外註解，請對照原始碼判斷情境）",Wetsuit,Wetsuit,防寒衣,濕衣,ウェットスーツ,잠수복,Neoprenanzug,Combinaison,Traje de neopreno,Muta,Duikpak,Fato de mergulho,Κοστούμι,Neopreni,Pakaian Menyelam,Pakaian Menyelam,ชุดดำน้ำ,Bộ đồ lặn
Wetsuit Thickness,⚠️ 原始碼查無直接引用（可能組字串/動態組合，翻譯時請小心）,Wetsuit Thickness,Wetsuit Thickness,防寒衣厚度,潜水服厚度,ウェットスーツの厚さ,웨트슈트 두께,Neoprendicke,Épaisseur de la combinaison,Grosor del traje,Spessore della muta,Dikte van het pak,Espessura do fato,Πάχος κοστουμιού,Debljina neoprenske odjeće,Ketebalan wetsuit,Ketebalan wetsuit,ความหนาของชุดลำน้ำ,Độ dày của bộ đồ
Year,出現於：DiveCalendarView.swift（無額外註解，請對照原始碼判斷情境）,Year,Year,年,年,年,년,Jahr,Année,Año,Anno,Jaar,Ano,Έτος,Godina,Tahun,Tahun,ปี,Năm
Yes,⚠️ 原始碼查無直接引用（可能組字串/動態組合，翻譯時請小心）,Yes,Yes,是,是,はい,예,Ja,Oui,Sí,Sì,Ja,Sim,Ναι,Da,Ya,Ya,ใช่,Có
bar,"出現於：DiveAnalysisView.swift, DiveLog.swift, DiveLogDetailView.swift, DiveLogEditSheet.swift, 等共 13 個檔案（無額外註解，請對照原始碼判斷情境）",,,,,,,,,,,,,,,,,,
iOS Settings,Settings row trailing label｜出現於：SettingsView.swift,iOS Settings,iOS Settings,iOS 設定,iOS 设置,iOSの設定,iOS 설정,iOS-Einstellungen,Réglages iOS,Ajustes de iOS,Impostazioni iOS,iOS-instellingen,Definições do iOS,Ρυθμίσεις iOS,iOS postavke,Pengaturan iOS,Tetapan iOS,การตั้งค่า iOS,Cài đặt iOS
kg,"出現於：AdBannerView.swift, Color+Platform.swift, DiveAnalysisView.swift, DiveCalendarView.swift, 等共 14 個檔案（無額外註解，請對照原始碼判斷情境）",,,,,,,,,,,,,,,,,,
m,"A unit of measurement for depth.｜出現於：AdBannerView.swift, AppLanguageManager.swift, Color+Platform.swift, DiveAnalysisView.swift, 等共 41 個檔案",m,m,m,m,m,m,m,m,m,m,m,m,μ.,m,m,m,ม.,m
min,"出現於：DiveAnalysisView.swift, DiveCalendarView.swift, DiveImportKitAdapter.swift, DiveLog.swift, 等共 22 個檔案（無額外註解，請對照原始碼判斷情境）",min,min,分鐘,分钟,分,분,min,min,min,min,min,min,min,min,min,min,นาที,phút
mm,"出現於：AppLanguageManager.swift, DiveCalendarView.swift, DiveLog.swift, DiveLogDetailView.swift, 等共 11 個檔案（無額外註解，請對照原始碼判斷情境）",,,,,,,,,,,,,,,,,,
°C,"A unit of temperature.｜出現於：DiveLog.swift, SettingsView.swift, UnitSystem.swift",°C,°C,°C,°C,°C,°C,°C,°C,°C,°C,°C,°C,°C,°C,°C,°C,°C,°C
